Name,Latitude,Longitude,Air conditioning,Housekeeping,Private balcony,Private bathrooms,VIP room facilities,Complimentary toiletries,Room service,Telephone,Minibar,Flatscreen TV,Wifi,Pool,Bar / lounge,Poolside bar,Free parking,Breakfast available,Restaurant,Airport transportation,Car hire,Taxi service,Banquet room,Meeting rooms,Conference facilities,Spa,Sauna,Currency exchange,24-hour security,Concierge,Baggage storage,Sun terrace,Shops,Butler service,First aid kit,Infirmary,24-hour front desk,Private check-in / check-out,Express check-in / check-out,Dry cleaning,Laundry service,Shoeshine,Ocean view,City view,Landmark view,Pool view,Non-smoking rooms,Smoking rooms available,Suites,Rating,Number of reviews,Price,Distance Score,Review Score
Royal Orchid Central,12.975137710571287,77.6153335571289,1,0,0,0,1,0,1,0,1,1,1,0,1,0,1,1,1,1,1,1,1,1,1,0,0,1,1,1,1,0,0,0,0,0,1,0,1,1,1,1,0,0,0,0,1,1,1,4.5,"1,809",1969.4,498.37,9.5
Hotel Royal Orchid Regenta Bangalore,12.95761489868164,77.64413452148438,1,1,0,0,1,1,1,1,1,1,1,1,1,0,1,1,1,1,1,1,1,1,1,0,0,0,1,1,1,0,0,1,0,0,1,0,0,1,1,1,0,1,1,0,1,0,1,4.5,"1,689",2947.13,398.12000000000006,9.49
The Leela Palace Bengaluru,12.960115432739258,77.64849090576172,1,1,1,0,1,0,1,0,1,1,1,1,1,1,0,1,1,1,1,1,1,1,1,1,1,1,1,1,1,0,0,1,1,0,1,1,1,1,1,1,0,0,0,0,1,1,1,4.5,"3,050",9027.0,379.30000000000007,9.5
Taj West End,12.98466682434082,77.5849609375,1,1,1,0,1,0,1,0,1,1,1,1,1,0,1,1,1,1,1,1,1,1,1,1,0,0,1,1,1,0,0,1,0,0,0,0,1,1,1,1,0,0,0,0,1,1,1,4.5,"2,223",7367.72,465.26000000000005,9.5
Lemon Tree Hotel Electronics City Bengaluru,12.840696334838867,77.6597900390625,1,1,0,0,1,0,1,0,1,1,1,1,1,0,1,1,1,1,1,1,1,1,1,1,1,0,1,1,1,0,0,1,0,0,1,0,1,1,1,1,0,0,0,0,1,1,1,4.5,"3,185",3561.42,4.79,9.5
Radisson Blu Atria Bengaluru,12.979873657226562,77.58627319335938,0,1,0,1,1,1,1,1,0,1,1,1,1,1,1,1,1,1,1,1,1,1,1,0,1,1,1,1,1,0,0,1,1,0,1,0,1,1,1,1,0,1,0,0,1,0,0,4.5,821,4312.0,484.01000000000005,9.31
Royal Orchid Resort & Convention Centre,13.086503028869627,77.59109497070312,1,0,1,0,0,0,1,0,0,1,1,1,1,0,1,0,1,1,0,0,1,1,1,0,0,1,0,1,0,0,0,0,0,0,0,0,0,1,1,0,0,0,0,0,1,0,1,4.0,880,1785.94,30.78,8.85
"Hotel Royal Orchid Suites, Whitefield, Bangalore",12.96678352355957,77.751220703125,1,1,1,1,1,1,1,1,1,1,1,1,1,0,1,1,1,1,1,1,1,1,1,0,0,0,1,1,1,0,0,1,1,0,1,1,0,1,1,1,0,1,1,1,1,1,1,4.5,"1,083",1825.25,46.21,9.43
"ITC Windsor, Bengaluru - a Luxury Collection Hotel",12.994080543518065,77.58570861816406,1,1,1,0,1,0,1,0,1,1,1,0,1,1,1,1,1,1,1,1,1,1,1,1,0,1,1,1,1,0,1,1,0,0,1,1,1,1,1,1,0,0,0,0,1,1,1,5.0,"4,725",5573.12,459.89000000000004,10.0
The Park Bangalore,12.97400188446045,77.6198501586914,1,0,1,0,1,0,1,0,1,1,1,1,1,1,1,0,1,1,1,1,1,1,1,1,0,0,1,1,1,0,0,0,0,0,1,0,0,1,1,0,0,0,0,0,1,1,1,4.0,"1,906",2744.0,484.74,9.0
"Lemon Tree Premier, Ulsoor Lake, Bengaluru",12.987306594848633,77.61679077148438,1,1,0,0,1,0,1,0,1,1,1,1,1,0,1,0,1,1,1,1,1,1,1,1,0,1,1,1,1,0,0,0,0,0,1,0,1,1,1,1,0,0,0,0,1,1,1,4.5,"2,000",2479.1,494.64000000000004,9.5
Conrad Bengaluru,12.975399017333984,77.62065124511719,1,1,0,0,1,0,1,0,1,1,1,1,1,0,1,1,1,1,0,1,1,1,1,1,0,1,1,1,1,0,0,1,0,0,0,0,0,1,1,1,0,0,0,0,1,0,1,5.0,"1,138",7280.0,481.59000000000003,9.95
Lemon Tree Hotel Whitefield,12.972237586975098,77.71784973144531,0,1,0,0,0,0,1,0,0,1,1,1,1,0,1,1,1,1,1,1,1,1,1,0,0,1,1,1,1,0,0,0,0,0,1,0,0,1,1,0,0,0,0,0,1,0,1,4.5,"1,328",5380.69,75.41,9.48
Angsana Oasis Spa & Resort,13.182623863220215,77.55908966064453,1,0,0,0,1,0,1,1,1,1,1,1,1,0,1,0,1,1,0,0,1,1,1,1,1,0,0,1,0,0,0,0,0,0,0,0,0,1,1,0,0,0,0,0,1,1,1,3.5,661,7560.0,10.54,8.14
Radisson Blu Bengaluru Outer Ring Road,12.950346946716307,77.698486328125,1,1,0,0,1,0,0,0,1,1,1,1,0,0,1,1,1,1,1,1,1,1,1,1,0,1,1,1,1,0,0,1,0,0,1,0,0,1,1,1,0,0,0,0,1,0,0,4.5,"1,598",3080.0,101.66,9.49
The Chancery Pavilion,12.965943336486815,77.59864044189453,1,1,0,0,1,0,1,0,1,1,1,1,1,0,1,1,1,1,1,1,1,1,1,1,0,0,1,1,0,0,0,1,0,0,1,0,0,1,1,0,0,0,0,0,1,1,1,4.0,"2,007",3057.6,482.2,9.0
Welcomhotel Bengaluru,12.968679428100586,77.6143798828125,1,0,0,0,1,0,1,0,1,1,1,1,1,0,1,1,1,1,1,1,1,1,1,1,0,1,1,1,1,0,0,1,0,0,1,0,1,1,1,1,0,0,0,0,1,1,1,4.5,"1,824",2688.0,500.88000000000005,9.5
Howard Johnson by Wyndham Bengaluru Hebbal,13.044797897338867,77.62638092041016,1,1,0,0,1,0,1,0,1,1,1,1,1,0,1,0,1,1,1,1,1,1,1,1,1,1,1,1,1,0,0,0,0,0,1,0,1,1,1,1,0,0,0,0,1,1,1,4.5,992,1982.53,177.60999999999999,9.41
The Windflower Prakruthi Bangalore,13.203413963317873,77.60929870605469,1,0,1,0,0,0,1,0,1,1,1,1,1,0,1,0,1,1,0,0,1,1,1,1,0,1,0,1,0,0,0,0,0,0,0,0,0,1,1,0,0,0,0,0,1,0,1,4.0,449,4024.82,10.54,8.17
Holiday Village,12.867630958557127,77.54334259033203,1,1,0,0,0,1,1,1,1,1,1,1,1,1,1,1,1,0,1,1,1,1,1,0,0,0,1,1,0,0,0,0,0,0,0,0,1,1,1,0,0,0,0,0,0,0,1,4.0,227,4368.0,81.52,6.98
Regenta Place By Royal Orchid Hotels,12.984304428100586,77.60051727294922,1,1,0,0,1,1,1,1,1,1,1,0,1,0,1,1,1,1,1,1,1,1,1,0,0,0,1,1,1,0,0,0,1,0,0,0,0,1,1,0,0,1,1,0,1,1,1,4.0,"1,010",1140.82,500.15000000000003,8.91
Golden Palms Hotel & Spa,13.089165687561035,77.44371032714844,1,0,1,0,0,0,1,0,0,1,1,1,1,1,1,0,1,1,0,0,1,1,1,1,1,0,0,1,0,0,0,0,0,0,0,0,0,1,1,0,0,0,0,0,1,0,1,3.5,672,3757.42,0.0,8.16
The Pride Hotel,12.964781761169435,77.59968566894531,1,0,0,0,1,0,1,0,1,1,1,0,1,0,1,1,1,1,1,0,1,1,1,1,0,1,1,1,1,0,0,0,0,0,1,0,1,1,1,0,0,0,0,0,1,1,1,4.5,"1,322",3919.1,482.2,9.47
Fiestaa Resort-n-Events Venue,13.159947395324707,77.68017578125,1,1,0,0,0,0,1,0,0,0,1,1,0,1,1,1,1,1,1,0,1,1,1,0,0,0,0,1,0,1,0,0,0,0,1,0,0,0,1,1,0,0,0,0,1,0,0,4.0,65,2716.56,13.379999999999999,5.14
Clarks Exotica Convention Resort & Spa,13.206806182861328,77.63386535644531,1,0,1,0,0,0,1,0,1,1,1,1,1,1,1,1,1,1,0,0,1,1,1,1,1,0,0,1,1,0,0,1,0,0,0,0,0,1,1,0,0,0,0,0,1,1,1,4.5,"2,532",7235.24,10.54,9.5
The Chancery,12.97568416595459,77.59934997558594,1,0,0,0,0,0,1,0,0,1,1,0,1,0,1,0,1,1,0,0,1,1,1,1,0,0,0,1,0,0,0,0,0,0,0,0,0,1,1,1,0,0,0,0,1,1,1,3.5,460,2045.92,491.02000000000004,7.71
Goldfinch Bengaluru,12.985379219055176,77.57937622070312,1,1,0,1,0,0,1,1,1,1,1,0,1,0,1,1,1,1,1,1,1,1,1,1,1,0,1,1,1,0,0,0,1,0,1,1,1,1,1,1,0,0,0,0,1,1,0,4.0,404,3638.88,459.84000000000003,8.01
The Signature Inn,12.973066329956055,77.57049560546875,1,0,0,0,0,1,1,1,0,1,1,0,0,0,1,0,1,0,0,0,0,0,0,0,0,0,0,0,1,0,0,0,0,0,1,0,0,0,1,0,0,0,0,0,0,0,0,4.0,231,999.0,444.07,7.02
Fountain Tree by TGI,12.910574913024902,77.59933471679688,1,1,0,0,1,0,1,0,1,1,1,0,1,0,1,1,1,1,1,0,0,1,0,0,0,0,1,1,1,0,0,0,0,0,1,0,1,1,1,1,0,0,0,0,1,0,1,4.5,42,2244.58,325.23999999999995,5.27
Regenta Inn Airport Road Bangaluru,13.19168472290039,77.64569091796875,1,1,0,0,1,1,1,1,0,0,1,0,0,0,1,1,1,1,1,0,0,1,1,0,0,1,1,0,1,0,0,0,1,0,1,0,1,0,1,1,0,0,0,0,1,1,0,3.5,113,2406.2,23.92,5.32
"The Oberoi, Bengaluru",12.973455429077148,77.61819458007812,1,1,1,0,1,0,1,0,1,1,1,1,1,1,1,0,1,1,1,1,1,1,1,1,0,1,1,1,1,0,0,1,0,0,1,1,1,1,1,1,0,0,0,0,1,1,1,5.0,"3,237",8400.0,479.96000000000004,10.0
DoubleTree Suites By Hilton Bangalore,12.919333457946776,77.6650390625,1,1,1,1,0,1,1,1,1,1,1,0,1,0,1,1,1,1,1,1,1,1,1,0,1,1,1,1,1,1,0,0,1,0,1,0,1,1,1,0,0,1,1,0,1,0,1,4.5,"1,919",4410.0,140.47,9.5
"Vivanta Bengaluru, Whitefield",12.986804008483887,77.7375259399414,1,1,0,1,1,1,1,1,1,1,1,1,1,0,1,1,1,1,1,0,1,1,1,1,1,1,1,1,1,0,1,0,1,0,1,0,1,1,1,1,0,1,0,1,1,1,1,4.5,"1,501",4200.0,57.07,9.49
Keys Select Hotel Hosur Road,12.87978458404541,77.64620208740234,1,0,0,0,0,1,1,1,0,1,1,0,1,0,1,1,1,1,1,1,1,1,1,0,0,0,1,1,0,0,0,0,0,0,1,0,0,1,1,1,0,0,0,0,1,1,0,4.5,"1,760",1511.85,80.42,9.5
Palm Meadows Club,12.964052200317385,77.73954772949219,1,0,1,0,0,0,1,0,0,1,1,1,1,1,1,0,1,1,0,0,1,1,1,1,0,0,0,1,0,0,0,0,0,0,0,0,0,1,1,0,0,0,0,0,1,0,1,4.5,364,5600.0,52.14,8.33
Gokulam Grand Hotel & Spa,13.042033195495605,77.55475616455078,1,1,0,0,1,0,1,0,1,1,1,1,1,0,1,1,1,0,1,1,1,1,1,0,0,1,1,1,1,0,0,1,0,0,1,0,0,1,1,1,0,0,0,0,1,1,1,4.5,"2,154",2894.08,202.04000000000002,9.5
Sarovar Portico Outer Ring Road Bengaluru,12.981152534484865,77.69300079345703,1,1,0,0,1,0,1,0,1,1,1,0,1,0,1,1,1,1,1,1,1,1,1,0,0,0,1,0,1,0,0,0,0,0,1,1,1,1,1,1,0,0,0,0,1,0,1,4.5,266,1986.42,130.25,7.77
Hilton Bangalore Embassy GolfLinks,12.948434829711914,77.64554595947266,0,1,0,1,1,1,1,1,0,1,1,1,1,1,1,1,1,1,1,1,1,1,1,1,0,1,1,1,1,0,0,1,0,0,1,0,1,1,1,1,0,1,1,1,0,0,1,5.0,"2,332",5880.0,362.6,10.0
Casa Cottage,12.964365005493164,77.6042251586914,1,0,0,0,0,0,0,0,0,1,1,0,0,0,1,0,0,1,0,0,0,0,0,0,0,0,0,1,1,0,0,0,0,0,0,0,0,0,1,0,0,0,0,0,1,0,0,4.5,524,2148.82,482.2,8.89
Grand Mercure Bangalore,12.928933143615724,77.62777709960938,1,1,1,0,0,0,1,0,1,1,1,1,1,1,1,1,1,1,1,0,1,1,1,1,0,1,1,1,0,0,0,0,0,0,0,0,0,1,1,0,0,0,0,0,1,1,1,4.5,856,3920.0,396.05999999999995,9.34
ibis Bengaluru Outer Ring Road Hotel,12.92967414855957,77.6833267211914,1,1,0,0,0,0,1,0,0,1,1,0,1,0,1,0,1,1,0,1,1,1,1,1,0,0,1,1,1,0,0,0,0,0,1,0,1,1,1,1,0,0,0,0,1,1,0,4.5,"2,311",2240.0,115.33000000000001,9.5
The Den,12.987722396850586,77.7335433959961,1,1,0,1,1,1,1,1,1,1,1,1,1,0,1,1,1,1,1,1,1,1,1,1,1,1,1,1,1,0,0,0,1,0,1,1,1,1,1,1,0,1,0,0,1,1,1,5.0,461,5999.0,57.07,9.21
Shangri-La Hotel Bengaluru,12.992254257202148,77.58837890625,1,1,0,1,1,1,1,1,1,1,1,1,1,1,1,0,1,1,1,0,1,1,1,1,0,1,1,1,0,0,0,1,0,0,0,0,0,1,1,1,0,1,1,0,1,1,1,4.5,"1,393",8400.0,459.89000000000004,9.48
Signature Club Resort,13.228004455566404,77.72061920166016,1,0,0,0,0,0,1,0,0,1,1,1,1,0,1,1,1,1,0,0,1,1,1,0,0,0,1,1,0,0,0,0,0,0,0,0,0,1,1,0,0,0,0,0,1,1,1,4.0,175,4868.86,13.379999999999999,6.52
Treebo Trend Daffodil Suites,13.02476978302002,77.64148712158203,1,1,0,0,0,1,1,1,0,1,1,0,0,0,1,0,1,0,0,0,0,1,0,0,0,0,1,1,1,0,0,0,0,0,1,0,0,1,1,0,0,0,0,0,1,1,1,4.5,98,1763.63,291.50999999999993,6.12
Chairman's Resort,13.204873085021973,77.64545440673828,1,0,0,0,0,0,1,0,0,1,1,1,1,0,1,0,1,0,1,0,1,1,1,1,1,1,0,0,1,0,0,0,0,0,1,1,1,1,1,1,0,0,0,0,0,0,1,4.0,320,3808.4,17.13,7.61
Ramanashree California Resort Bangalore,13.11453342437744,77.57780456542969,1,0,0,0,0,0,1,0,1,1,1,1,1,0,1,1,1,1,0,0,1,1,1,0,0,0,0,1,0,0,0,0,0,0,0,0,0,1,1,0,0,0,0,0,1,1,1,3.5,327,2156.62,19.22,7.15
OYO 554 Hotel Red Carpet Residence,12.97520923614502,77.61568450927734,1,0,0,0,0,1,1,1,0,0,1,0,0,0,1,0,0,0,0,0,0,1,0,0,0,0,0,0,0,0,0,0,0,0,1,0,0,1,1,0,0,0,0,0,1,0,0,4.5,44,1708.64,498.37,5.31
Hotel Vellara,12.96701431274414,77.60665130615234,1,1,0,0,0,1,1,1,0,1,1,0,0,0,1,1,1,1,0,0,0,0,0,0,0,0,1,0,1,0,1,0,0,0,1,1,1,0,1,0,0,0,0,0,0,0,0,4.5,174,1659.38,487.62,7.01
Chevron Brigade,12.97028636932373,77.60894775390625,1,0,0,0,0,1,1,1,1,0,1,0,0,0,1,0,1,1,0,1,0,0,0,0,0,0,1,1,0,0,1,0,0,0,1,0,0,1,1,0,0,0,0,0,0,0,1,3.0,42,1951.54,496.5400000000001,3.77
"Taj MG Road, Bengaluru",12.973359107971193,77.61992645263672,1,1,1,0,1,0,1,0,1,1,1,1,1,1,1,0,1,1,1,1,1,1,1,1,0,1,1,1,1,1,0,1,0,0,1,0,1,1,1,1,0,0,0,0,1,1,1,4.5,"2,320",4792.11,479.96000000000004,9.5
Shangri-La Hotel Bengaluru,12.992254257202148,77.58837890625,1,1,0,1,1,1,1,1,1,1,1,1,1,1,1,0,1,1,1,0,1,1,1,1,0,1,1,1,0,0,0,1,0,0,0,0,0,1,1,1,0,1,1,0,1,1,1,4.5,"1,393",8400.0,459.89000000000004,9.48
Ginger Bangalore (Whitefield),12.97679042816162,77.7184829711914,1,0,0,0,0,0,1,0,0,1,1,0,0,0,1,0,1,1,1,0,0,1,0,0,0,1,0,1,0,0,0,0,0,0,1,0,0,1,1,0,0,0,0,0,1,0,0,4.5,699,2910.88,75.41,9.19
Ibis Bengaluru City Centre Hotel,12.967448234558105,77.59390258789062,1,1,0,0,1,0,1,0,0,1,1,0,1,0,1,1,1,1,1,1,1,1,1,0,0,1,1,1,1,0,0,0,0,0,1,0,1,1,1,1,0,0,0,0,1,1,0,4.5,"1,087",2574.88,476.27,9.44
Courtyard Bengaluru Outer Ring Road,12.928110122680664,77.68241882324219,1,1,0,1,1,1,1,1,1,1,1,1,1,1,1,1,1,1,1,1,1,1,1,1,0,1,1,1,1,0,0,1,1,0,1,0,1,1,1,1,0,1,0,1,1,1,1,5.0,"2,333",4661.0,115.33000000000001,10.0
Adarsh Hamilton,12.964421272277832,77.59835052490234,1,1,0,0,1,1,1,1,1,1,1,0,0,0,1,0,1,1,1,1,1,1,1,0,0,1,1,1,1,0,0,0,0,0,1,0,1,1,1,1,0,0,0,0,1,1,1,4.5,"1,411",12168.0,482.2,9.48
Hyatt Centric MG Road Bangalore,12.973201751708984,77.62181091308594,1,1,0,1,1,1,1,1,1,1,0,1,1,1,1,1,1,1,1,0,1,1,1,1,0,1,1,1,1,1,0,0,1,0,1,1,1,1,1,1,0,1,1,1,1,1,1,4.5,588,3583.33,481.70000000000005,9.02
Bengaluru Marriott Hotel Whitefield,12.979323387145994,77.7281723022461,1,1,0,1,1,1,1,1,1,1,1,1,1,1,1,1,1,1,0,0,0,1,0,1,1,0,1,1,1,0,0,1,0,0,1,1,1,1,1,1,0,1,0,1,1,1,1,5.0,"2,538",8260.0,57.07,10.0
Citrus Cunningham,12.98610782623291,77.595458984375,1,0,0,0,1,0,1,0,1,1,1,0,1,0,1,0,1,1,1,0,1,1,1,1,0,1,1,1,0,0,0,0,0,0,0,0,0,1,1,1,0,0,0,0,1,0,1,4.5,546,4042.74,494.21000000000004,8.94
Wonderla Resort,12.838000297546387,77.40194702148438,1,0,0,0,0,0,1,0,0,1,1,1,1,0,1,1,1,0,0,0,1,1,1,0,0,0,0,1,0,0,0,0,0,0,0,0,0,1,1,0,0,0,0,0,1,0,1,4.5,328,3057.12,17.29,8.15
Our Native Village,13.17983341217041,77.46900177001953,0,0,0,0,0,0,0,0,0,0,0,1,0,0,1,0,1,1,0,0,0,0,1,0,0,0,0,0,0,0,0,0,0,0,0,0,0,0,1,0,0,0,0,0,1,0,0,4.0,445,6708.77,0.0,8.16
Zip by Spree Hotels at the Woodrose,12.892678260803224,77.58285522460938,1,0,0,0,0,0,1,0,1,1,1,1,1,0,1,0,1,1,0,0,1,1,1,1,1,1,0,1,0,0,1,0,0,0,1,0,0,1,1,0,0,0,0,0,1,0,1,4.5,194,2867.97,188.19,7.2
Iris - The Business Hotel and Spa,12.970783233642578,77.60700225830078,1,0,0,0,1,0,1,0,1,1,1,1,0,0,1,1,1,1,1,1,1,1,1,1,0,0,1,1,0,0,0,0,0,0,1,0,0,1,1,0,0,0,0,0,1,1,1,4.5,"1,164",2504.58,492.55,9.45
"Country Inn & Suites by Radisson, Bengaluru Hebbal Road",13.041732788085938,77.61312866210938,1,1,0,0,0,0,1,0,1,1,1,1,1,0,1,1,1,1,0,0,1,1,1,1,0,0,1,1,0,0,0,0,0,0,0,0,0,1,1,0,0,0,0,0,1,1,1,4.0,486,3246.88,308.67999999999995,8.28
Holiday Inn Bengaluru Racecourse,12.980414390563965,77.5777359008789,1,1,0,0,0,0,1,0,0,1,1,1,1,0,1,1,1,1,0,0,1,1,1,0,0,1,0,1,1,0,0,0,0,0,1,0,0,1,1,0,0,0,0,0,1,0,1,4.0,208,6944.0,459.84000000000003,6.82
Holiday Inn Express Bengaluru Yeshwantpur,13.02797031402588,77.54119110107422,1,1,0,1,0,1,1,1,0,1,1,0,0,0,1,1,1,1,1,0,0,1,0,0,0,0,1,0,1,0,0,0,0,0,1,0,1,1,1,0,0,1,0,0,1,0,0,4.5,96,2687.16,204.39000000000001,6.09
Daffodil Delight,13.035406112670898,77.63074493408203,1,0,0,0,0,0,1,0,1,0,1,0,0,0,1,1,1,0,0,0,0,0,0,0,0,0,0,0,1,0,0,0,0,0,0,0,0,1,1,0,0,0,0,0,1,0,1,5.0,70,1624.0,279.47999999999996,6.22
Svenska Design Hotel,12.839326858520508,77.6592025756836,1,1,0,0,0,0,1,0,1,1,1,1,1,0,1,1,1,1,0,0,1,1,1,1,0,1,0,1,1,0,0,1,0,0,0,0,0,1,1,0,0,0,0,0,1,0,1,4.5,490,2671.63,4.79,8.8
Attide Hotel,13.079453468322756,77.59271240234375,1,1,0,0,0,0,1,0,0,1,1,0,1,0,1,1,1,1,1,0,1,1,1,0,0,0,1,1,1,0,0,0,0,0,1,1,1,1,1,1,0,0,0,0,1,0,1,4.5,197,2821.73,30.78,7.23
JP Cordial,12.979227066040039,77.57466888427734,1,0,0,0,0,0,1,0,0,1,1,0,1,0,1,0,1,1,0,0,1,1,1,0,0,0,0,1,0,0,0,0,0,0,0,0,0,1,1,0,0,0,0,0,1,0,1,4.5,264,2508.68,448.57,7.76
Tulip Inn Bangalore,12.999216079711914,77.5836410522461,1,0,0,0,0,0,1,0,0,1,1,0,1,0,1,1,1,1,0,0,0,1,0,0,0,1,0,1,1,0,0,0,0,0,0,0,0,1,1,0,0,0,0,0,1,0,1,4.5,143,2772.96,459.89000000000004,6.68
Collection O 42670 Grand Continent,12.91175365447998,77.5991439819336,1,0,0,0,0,1,1,1,1,1,1,0,1,0,1,0,1,1,0,0,0,1,0,0,0,0,0,0,0,0,0,0,0,0,1,0,0,0,1,0,0,0,0,0,1,0,1,4.0,119,1233.78,340.12999999999994,5.89
Treebo Trip Shivas Kuteera,12.912287712097168,77.644287109375,1,0,0,0,0,0,1,0,0,0,1,0,0,0,1,0,0,0,0,0,0,0,0,0,0,0,0,0,0,0,0,0,0,0,0,0,0,0,0,0,0,0,0,0,0,0,0,4.5,15,1876.65,192.95999999999998,4.79
Comfort Inn Insys,13.028176307678224,77.55890655517578,1,1,0,0,0,0,1,0,1,0,1,1,1,0,1,1,1,1,1,0,1,1,1,0,0,1,0,1,1,0,0,0,0,0,0,0,0,1,1,0,0,0,0,0,1,1,1,4.0,54,3000.0,300.4699999999999,4.97
Renaissance Bengaluru Race Course Hotel,12.98393726348877,77.57640838623047,1,1,0,1,1,1,1,1,1,1,1,1,1,1,1,1,1,1,1,0,1,1,1,1,1,1,1,1,1,1,0,1,1,0,1,0,1,1,1,1,0,1,1,0,1,1,1,5.0,672,4956.0,454.62,9.66
Sheraton Grand Bangalore Hotel at Brigade Gateway,13.012572288513185,77.55509185791016,1,1,0,0,1,0,1,0,1,1,1,1,1,1,1,1,1,1,0,1,1,1,1,1,1,1,1,1,1,0,1,1,1,0,1,0,1,1,1,1,0,1,0,1,1,1,1,5.0,"2,503",7788.0,372.93,10.0
Four Seasons Hotel Bengaluru,13.01958179473877,77.58526611328125,1,0,0,0,1,0,1,0,1,1,1,1,1,0,1,0,1,1,0,0,0,0,1,1,1,0,0,1,0,0,0,0,0,0,0,0,0,1,1,1,0,0,0,0,1,0,1,5.0,143,8164.8,379.49999999999994,7.18
Novotel Bengaluru Outer Ring Road,12.929679870605467,77.6833267211914,1,1,0,0,1,0,1,0,1,1,1,1,1,1,1,0,1,1,1,1,1,1,1,1,0,0,1,1,1,0,0,0,0,0,1,0,1,1,1,1,0,0,0,0,1,1,1,4.5,"1,805",3696.0,115.33000000000001,9.5
Aloft Bengaluru Cessna Business Park,12.936824798583984,77.69505310058594,1,1,0,0,1,0,1,1,1,1,1,1,1,0,1,1,1,0,1,1,1,1,1,0,0,1,1,1,1,0,0,1,0,0,1,0,1,1,1,1,0,0,0,0,1,0,0,5.0,"2,501",3717.0,108.22999999999999,10.0
Hotel Swagath,12.973770141601562,77.57577514648438,1,1,0,0,0,0,1,0,0,1,1,0,0,0,0,0,1,1,1,1,1,1,1,0,0,1,1,1,1,0,0,0,0,0,1,0,1,1,1,1,0,0,0,0,1,0,0,4.5,528,2228.8,456.02,8.9
Fortune Select Trinity,12.977380752563475,77.71446228027344,1,0,0,0,0,0,1,0,1,1,1,1,1,0,1,0,1,1,0,0,1,1,1,1,0,0,0,1,0,0,0,0,0,0,0,0,0,1,1,0,0,0,0,0,1,1,1,4.0,603,2399.04,75.41,8.55
The Paul Bangalore,12.953731536865234,77.63944244384766,1,0,1,0,1,0,1,0,1,1,1,1,1,0,1,1,1,1,1,0,1,1,1,1,1,0,1,1,1,0,0,1,0,0,0,0,0,1,1,1,0,0,0,0,1,0,1,4.5,"1,357",9804.7,434.89000000000004,9.48
Sheraton Grand Bengaluru Whitefield Hotel & Convention Center,12.98934841156006,77.7300033569336,1,1,0,1,1,1,1,1,1,1,1,1,1,1,1,0,1,1,1,1,1,1,1,1,0,1,1,1,1,0,0,1,1,0,1,0,1,1,1,1,0,1,1,1,1,0,1,5.0,"1,114",7965.0,57.07,9.94
Courtyard by Marriott Bengaluru Hebbal,13.042871475219727,77.60958862304688,1,1,0,0,1,1,1,1,1,1,1,1,1,0,1,1,1,1,1,0,1,1,1,1,0,1,1,1,1,0,0,1,0,0,1,0,1,1,1,1,0,1,0,0,1,1,1,5.0,582,6608.0,299.37999999999994,9.51
The Oterra,12.850136756896973,77.66020202636719,1,0,0,0,1,0,1,0,1,1,1,1,1,0,1,0,1,0,1,0,1,1,1,1,1,1,1,1,1,1,1,1,0,0,1,0,0,1,1,1,0,0,0,0,1,1,1,4.5,"1,595",6720.0,9.129999999999999,9.49
Fairfield by Marriott Bengaluru Outer Ring Road,12.927511215209961,77.68264770507812,1,1,0,0,1,0,1,0,0,1,1,1,1,0,1,1,1,1,0,0,1,1,1,1,0,0,1,1,1,0,0,0,0,0,1,0,1,1,1,1,0,0,0,0,0,1,1,5.0,"1,687",4543.0,110.4,9.99
Springs Hotel & Spa,12.956613540649414,77.5835189819336,1,1,0,1,0,1,1,1,0,1,1,1,1,0,1,1,1,1,1,1,1,1,1,1,0,1,1,1,1,0,0,0,1,0,1,1,1,1,1,1,0,0,0,0,1,0,1,4.0,297,2197.84,486.53,7.48
Purple Lotus,12.971757888793945,77.59979248046875,1,0,0,0,0,0,1,0,0,1,1,0,0,0,1,0,1,1,1,0,0,0,0,0,0,0,0,0,0,0,0,0,0,0,0,0,0,0,1,0,0,0,0,0,1,0,0,4.5,269,3281.14,487.62,7.8
Airport Regency,13.177727699279785,77.65262603759766,1,0,0,0,0,0,1,0,0,0,1,0,0,0,1,1,0,1,0,0,0,0,0,0,0,0,0,0,0,0,0,0,0,0,0,0,0,1,1,0,0,0,0,0,1,1,0,4.5,4,1540.16,23.92,4.58
"Four Points by Sheraton Bengaluru, Whitefield",12.979419708251953,77.75177764892578,1,0,1,0,1,0,1,0,1,1,1,1,1,1,1,0,1,1,0,1,1,1,1,0,0,0,1,1,1,0,0,0,0,0,0,0,0,1,1,0,0,0,0,0,1,1,1,5.0,"1,398",5936.0,38.02,9.98
Luxtay Suites,12.933902740478516,77.63105773925781,1,0,0,0,0,1,1,1,0,0,1,0,0,0,1,0,0,1,0,0,0,0,0,0,0,0,0,0,0,0,0,0,0,0,0,0,0,0,0,0,0,0,0,0,1,1,1,4.5,28,1624.0,405.55999999999995,5.03
Grand Mercure Bengaluru at Gopalan Mall,12.992615699768065,77.66062927246094,1,1,0,1,1,1,1,0,1,1,0,1,0,0,1,1,1,0,1,0,1,0,1,0,0,1,1,1,1,0,1,0,1,0,1,0,0,0,1,0,0,1,0,0,1,0,1,5.0,74,4480.0,291.46999999999986,6.28
Ramee Guestline Hotel Bangalore,12.785659790039062,77.74351501464844,1,0,0,0,0,0,1,0,0,1,1,1,0,0,1,0,1,0,0,0,1,1,1,1,0,0,0,0,0,0,0,0,0,0,0,0,0,1,1,0,0,0,0,0,1,1,1,3.5,209,3669.74,0.0,6.33
Gardeenia Comforts Suites,12.823201179504395,77.68751525878906,1,0,0,0,0,0,1,0,1,1,1,1,1,0,1,1,1,1,0,0,1,1,1,1,0,0,0,1,0,0,0,0,0,0,0,0,0,1,1,0,0,0,0,0,1,1,1,5.0,379,1586.58,4.79,8.9
Eagleton The Golf Resort,12.79854679107666,77.41358184814453,1,0,0,0,0,0,1,1,0,1,0,1,1,0,1,1,1,0,0,0,1,1,1,0,0,1,0,0,0,0,0,0,0,0,0,0,0,0,1,0,0,0,0,0,1,0,1,3.5,205,6708.8,17.29,6.3
The Oterra,12.850136756896973,77.66020202636719,1,0,0,0,1,0,1,0,1,1,1,1,1,0,1,0,1,0,1,0,1,1,1,1,1,1,1,1,1,1,1,1,0,0,1,0,0,1,1,1,0,0,0,0,1,1,1,4.5,"1,595",6720.0,9.129999999999999,9.49
JW Marriott Hotel Bengaluru,12.972250938415527,77.59503936767578,1,1,1,0,1,1,1,1,1,1,1,1,1,1,1,1,1,1,1,0,1,1,1,1,1,0,1,1,1,0,0,1,0,0,1,1,1,1,1,1,0,1,1,1,1,1,1,5.0,"2,516",8258.82,487.62,10.0
Fairfield by Marriott Bengaluru Rajajinagar,12.983194351196287,77.55964660644531,1,1,0,0,0,0,1,0,1,1,1,1,1,1,1,0,1,1,1,0,1,1,1,1,0,0,1,1,1,0,0,1,0,0,1,0,1,1,1,1,0,0,0,0,1,1,1,4.5,"1,633",4256.0,429.03000000000003,9.49
The Ritz-Carlton,12.967779159545898,77.60169219970703,1,1,0,0,1,0,1,0,1,1,1,1,1,1,0,1,1,1,1,0,1,1,1,1,1,1,1,1,1,0,0,1,0,0,0,0,0,1,1,0,0,0,0,0,1,1,1,4.5,"2,011",8258.82,487.62,9.5
"Four Points by Sheraton Bengaluru, Whitefield",12.979419708251953,77.75177764892578,1,0,1,0,1,0,1,0,1,1,1,1,1,1,1,0,1,1,0,1,1,1,1,0,0,0,1,1,1,0,0,0,0,0,0,0,0,1,1,0,0,0,0,0,1,1,1,5.0,"1,398",5936.0,38.02,9.98
Grand Mercure Bengaluru at Gopalan Mall,12.992615699768065,77.66062927246094,1,1,0,1,1,1,1,0,1,1,0,1,0,0,1,1,1,0,1,0,1,0,1,0,0,1,1,1,1,0,1,0,1,0,1,0,0,0,1,0,0,1,0,0,1,0,1,5.0,74,4480.0,291.46999999999986,6.28
Sai Vishram Business Hotel,12.82457447052002,77.68110656738281,0,1,0,0,0,0,1,0,0,1,1,1,0,0,1,1,1,1,1,0,1,1,1,1,1,0,1,1,1,0,0,0,0,0,1,0,1,1,1,1,0,0,0,0,1,0,0,4.5,695,3416.0,4.79,9.19
Gardeenia Comforts Suites,12.823201179504395,77.68751525878906,1,0,0,0,0,0,1,0,1,1,1,1,1,0,1,1,1,1,0,0,1,1,1,1,0,0,0,1,0,0,0,0,0,0,0,0,0,1,1,0,0,0,0,0,1,1,1,5.0,379,1586.58,4.79,8.9
Aloft Bengaluru Whitefield,12.991338729858398,77.7326431274414,1,0,0,0,0,0,1,0,1,1,1,1,1,0,1,1,1,1,0,0,1,1,1,1,0,1,1,1,1,0,0,0,0,0,1,0,1,1,1,1,0,0,0,0,1,1,1,4.5,"1,353",3808.0,57.07,9.48
The Lalit Ashok,12.99189567565918,77.58195495605469,1,0,1,0,1,1,1,1,1,1,1,1,1,1,1,0,1,1,1,0,1,1,1,1,0,0,1,1,0,0,0,1,0,0,1,0,1,1,1,0,0,0,0,1,1,1,1,4.5,"2,072",7054.9,459.89000000000004,9.5
The Waverly Hotel & Residences,12.996280670166016,77.69538116455078,1,0,0,0,1,0,1,0,1,1,1,1,1,1,1,1,1,1,0,1,1,1,1,1,0,0,1,1,0,0,0,1,0,0,0,0,0,1,1,0,0,0,0,0,1,0,1,4.5,303,6550.99,98.82999999999998,8.01
Laika Boutique Stay,12.97041130065918,77.6168212890625,1,1,0,0,0,0,0,1,0,1,1,0,0,0,1,0,0,1,1,1,0,0,0,0,0,0,1,0,1,0,0,0,0,0,0,1,1,0,1,0,0,0,0,0,1,0,0,5.0,317,2498.93,482.91,8.59
Radha Regent Bengaluru,12.836877822875975,77.66167449951172,1,0,0,0,0,0,1,0,1,1,1,1,1,1,1,1,1,1,0,0,1,1,1,0,0,1,0,1,1,0,0,0,0,0,0,0,0,1,1,0,0,0,0,0,1,1,0,4.5,422,4265.62,4.79,8.58
Galibore Nature Camp,12.281933784484865,77.3755111694336,0,0,0,0,0,0,0,0,0,0,0,0,0,0,1,0,1,0,0,0,0,0,0,0,0,0,0,0,0,0,0,0,0,0,0,0,0,0,0,0,0,0,0,0,0,0,0,4.5,182,10738.0,0.0,7.09
Ramanashree Richmond - Richmond Circle,12.966214179992676,77.59492492675781,1,1,0,0,1,1,1,1,1,1,1,0,0,0,1,0,1,1,1,0,1,1,1,0,0,1,1,1,1,0,0,0,0,0,1,1,1,1,1,1,0,0,0,0,1,0,1,4.0,373,2926.35,476.27,7.88
Shivas Gateway,13.192408561706545,77.64672088623047,1,0,0,0,0,0,1,0,1,1,1,0,0,0,1,1,1,1,0,0,0,1,1,0,0,1,0,0,1,0,0,0,0,0,0,0,0,1,1,0,0,0,0,0,1,1,1,4.0,152,4467.74,23.92,6.28
"juSTa Indiranagar, Bangalore",12.971258163452148,77.64067840576172,1,1,0,0,0,1,1,1,1,1,1,0,0,0,1,0,1,1,0,1,0,1,1,0,0,1,1,1,1,0,0,0,0,0,1,0,0,1,1,0,0,0,0,0,1,0,1,4.5,354,8772.19,394.20000000000005,8.29
Zone by the Park Electronic City Bengaluru,12.84522533416748,77.66527557373047,1,1,0,0,1,0,1,0,1,1,1,1,1,0,1,1,1,1,1,0,0,1,1,0,0,1,0,1,1,0,0,0,0,0,1,0,1,1,1,1,0,0,0,0,1,1,1,4.5,137,2648.8,4.79,6.61
Benhur Pride Hotel,12.958306312561035,77.55508422851562,1,0,0,0,0,0,1,0,0,0,1,0,0,0,1,0,1,0,0,0,0,0,0,0,0,0,0,0,0,0,0,0,0,0,0,0,0,0,1,0,0,0,0,0,1,0,1,5.0,63,2688.0,426.98999999999995,6.11
Shivas Gateway,13.192408561706545,77.64672088623047,1,0,0,0,0,0,1,0,1,1,1,0,0,0,1,1,1,1,0,0,0,1,1,0,0,1,0,0,1,0,0,0,0,0,0,0,0,1,1,0,0,0,0,0,1,1,1,4.0,152,4467.74,23.92,6.28
Benhur Pride Hotel,12.958306312561035,77.55508422851562,1,0,0,0,0,0,1,0,0,0,1,0,0,0,1,0,1,0,0,0,0,0,0,0,0,0,0,0,0,0,0,0,0,0,0,0,0,0,1,0,0,0,0,0,1,0,1,5.0,63,2688.0,426.98999999999995,6.11
Melange Astris,12.96485996246338,77.59857177734375,1,0,0,0,0,0,1,0,0,1,1,1,0,0,1,0,1,1,1,0,1,1,1,0,0,0,0,0,0,1,0,0,0,0,0,0,0,1,1,1,0,0,0,0,1,0,1,4.0,250,3358.88,482.2,7.16
Goldfinch Retreat Bengaluru,13.194876670837402,77.6357650756836,1,1,0,0,1,1,1,1,1,1,1,1,1,1,1,1,1,1,1,1,1,1,1,1,1,1,1,1,1,0,0,1,1,0,1,1,1,1,1,1,0,0,0,0,0,0,1,4.0,381,3358.88,15.43,7.91
The Rialto Hotel,12.980344772338867,77.5765151977539,1,0,0,0,0,0,1,0,0,1,1,0,0,0,1,1,1,0,0,0,1,1,1,0,0,1,0,0,1,0,0,0,0,0,0,0,0,1,1,0,0,0,0,0,1,0,1,4.5,102,3064.66,459.84000000000003,6.18
Terrace Gardens Guest House,12.970479965209961,77.61431121826172,0,0,0,0,0,0,1,0,0,1,1,0,0,0,1,0,1,1,1,0,0,0,0,0,0,1,0,1,1,0,0,0,0,0,1,0,1,1,1,0,0,0,0,0,0,0,1,4.0,142,2891.38,500.88000000000005,6.17
Krishinton Suites,13.023228645324707,77.56279754638672,1,0,0,0,0,0,1,0,0,1,1,0,1,0,1,0,1,0,0,0,0,1,1,0,0,1,0,0,1,0,0,0,0,0,1,0,0,1,1,0,0,0,0,0,0,0,1,4.0,123,4704.0,322.8399999999999,5.94
Casa de Bengaluru,12.935779571533205,77.62207794189453,1,0,0,0,0,0,1,0,1,1,1,1,1,0,0,0,1,0,0,0,1,1,0,0,0,0,0,1,0,0,0,0,0,0,0,0,0,1,1,0,0,0,0,0,1,0,1,4.0,153,4778.31,429.70000000000005,6.29
Lotus Pond Homestay,12.943496704101562,77.58375549316406,0,0,0,0,0,0,1,0,0,0,0,0,0,0,1,0,0,0,0,0,0,0,0,0,0,0,0,0,0,0,0,0,0,0,0,0,0,0,0,0,0,0,0,0,0,0,0,4.5,55,5600.0,469.35999999999996,5.49
Shilton Royale,12.938695907592773,77.62994384765625,1,0,0,0,0,1,1,1,1,1,1,0,1,0,1,0,1,0,1,0,1,1,1,0,0,1,0,1,1,0,0,0,0,0,1,0,0,1,1,0,0,0,0,0,1,0,1,4.0,158,4088.0,429.70000000000005,6.34
OYO 9653 Ample Premium Suites,13.117767333984375,77.6141357421875,1,0,0,0,0,0,1,0,0,0,1,0,0,0,1,1,1,0,0,0,0,0,0,0,0,0,0,1,0,0,0,0,0,0,0,0,0,0,1,0,0,0,0,0,1,0,1,4.5,81,999.0,14.719999999999999,5.88
Zion - A Luxurious Hotel,12.978949546813965,77.57713317871094,0,0,0,0,0,0,1,0,0,0,1,1,1,0,1,0,1,1,0,0,0,0,0,1,0,0,0,0,0,0,0,0,0,0,0,0,0,0,0,0,0,0,0,0,0,0,1,5.0,20,2914.62,459.84000000000003,5.38
Liwa Hotel,13.075984001159668,77.59154510498047,1,0,0,0,0,0,1,0,1,0,1,0,0,0,1,1,1,0,0,0,1,1,1,0,0,0,0,0,0,0,0,0,0,0,0,0,0,1,1,0,0,0,0,0,1,1,1,4.0,73,7616.0,30.78,5.27
Nandhana Grand,12.936274528503418,77.6214370727539,1,0,0,0,0,0,1,0,1,1,1,0,1,0,1,1,1,0,0,0,1,1,1,0,0,0,0,0,0,0,0,0,0,0,0,0,0,1,1,0,0,0,0,0,1,1,1,4.0,168,3555.99,429.70000000000005,6.45
37th Crescent Hotel Bangalore,12.984853744506836,77.58088684082031,1,0,0,0,1,0,1,0,1,1,1,0,1,0,1,1,1,0,1,0,1,1,1,0,0,1,0,1,1,0,0,0,0,0,1,0,0,1,1,1,0,0,0,0,1,1,1,4.0,219,6100.42,459.84000000000003,6.92
Treebo Trend Apple Villa,12.961492538452148,77.58935546875,1,0,0,0,0,0,1,0,0,0,1,0,0,0,1,0,0,0,0,0,0,0,0,0,0,0,0,0,0,0,0,0,0,0,0,0,0,0,1,0,0,0,0,0,0,0,0,4.5,35,2589.0,481.39,5.15
The Garden Asia Resorts and Hotel,12.876059532165527,77.4437484741211,1,1,0,0,0,0,1,0,0,0,0,1,1,0,1,0,1,1,0,0,0,1,0,0,0,0,0,0,0,0,0,0,0,0,1,0,0,1,1,0,0,0,0,0,0,0,0,4.0,46,4480.0,20.36,4.84
Ramada by Wyndham Bengaluru Yelahanka,13.156866073608398,77.5648193359375,1,0,0,0,0,0,1,0,1,0,1,1,0,0,1,0,1,1,0,0,1,1,1,1,0,0,0,1,0,0,0,0,0,0,0,0,0,0,1,0,0,0,0,0,1,1,1,4.5,56,4760.0,14.719999999999999,5.5
The Sun Suites,13.12025547027588,77.61344146728516,0,0,0,0,0,0,1,0,0,0,1,0,0,0,1,0,1,0,0,0,0,0,0,0,0,0,0,0,0,0,0,0,0,0,0,0,0,0,0,0,0,0,0,0,0,0,0,5.0,12,2022.05,14.719999999999999,5.23
Ankit Vista Green Village,12.98705005645752,77.69503021240234,1,0,0,0,0,0,1,0,0,0,1,1,1,0,1,1,1,1,0,0,1,1,1,1,0,0,0,1,0,0,0,0,0,0,0,0,0,1,1,0,0,0,0,0,1,1,1,4.0,56,3682.42,108.44,5.0
Eagle Ridge,12.851550102233887,77.60610961914062,0,0,0,0,0,0,1,0,0,0,1,1,1,0,1,0,1,0,0,0,0,0,0,0,0,0,0,0,0,0,0,0,0,0,0,0,0,0,0,0,0,0,0,0,0,0,1,4.0,107,2681.28,65.88,5.74
Akshaya Aura,12.976256370544435,77.57917022705078,1,1,0,0,0,1,1,1,0,0,1,0,0,0,1,0,1,1,1,0,0,1,0,0,0,1,1,1,1,0,0,0,0,0,1,0,0,0,1,0,0,0,0,0,1,1,1,4.0,88,2597.0,460.36,5.48
Radha Regent Bengaluru,12.836877822875975,77.66167449951172,1,0,0,0,0,0,1,0,1,1,1,1,1,1,1,1,1,1,0,0,1,1,1,0,0,1,0,1,1,0,0,0,0,0,0,0,0,1,1,0,0,0,0,0,1,1,0,4.5,422,4265.62,4.79,8.58
Temple Tree Hotel Wilson Garden,12.947896957397461,77.59453582763672,1,1,0,0,1,0,1,0,0,1,1,0,0,0,1,0,1,1,1,0,0,1,0,0,0,1,0,0,1,0,0,0,0,0,1,0,1,1,1,0,0,0,0,0,1,0,1,4.5,241,4760.0,477.59,7.59
"Maple Suites, Serviced Residences",12.905165672302244,77.60383605957031,1,1,1,1,1,1,1,1,0,1,1,0,0,0,1,1,1,1,1,1,0,0,0,0,0,1,1,0,1,0,0,0,1,0,1,0,1,1,1,1,0,0,0,0,1,0,1,4.5,199,3136.0,272.3499999999999,7.24
Radha Hometel,12.977543830871582,77.71327209472656,1,1,0,0,0,1,1,0,0,1,1,0,1,0,1,1,1,1,1,1,1,1,1,0,0,1,1,1,0,0,0,0,0,0,1,0,1,1,1,1,0,1,0,0,1,1,0,4.0,390,2184.0,75.41,7.95
Galibore Nature Camp,12.281933784484865,77.3755111694336,0,0,0,0,0,0,0,0,0,0,0,0,0,0,1,0,1,0,0,0,0,0,0,0,0,0,0,0,0,0,0,0,0,0,0,0,0,0,0,0,0,0,0,0,0,0,0,4.5,182,10738.0,0.0,7.09
"juSTa Indiranagar, Bangalore",12.971258163452148,77.64067840576172,1,1,0,0,0,1,1,1,1,1,1,0,0,0,1,0,1,1,0,1,0,1,1,0,0,1,1,1,1,0,0,0,0,0,1,0,0,1,1,0,0,0,0,0,1,0,1,4.5,354,8789.43,394.20000000000005,8.29
Thyme The Transit,12.978001594543455,77.6396255493164,1,0,0,0,0,0,0,0,0,1,1,0,0,0,0,0,0,0,1,0,0,0,0,0,0,0,0,0,1,0,0,0,0,0,0,0,0,1,1,0,0,0,0,0,0,0,0,4.5,271,2419.2,413.7,7.81
Miraya Hotel Whitefield Bengaluru,12.956480026245115,77.7342529296875,1,1,1,0,1,0,1,0,1,1,1,1,1,0,1,1,1,1,0,0,1,1,1,1,0,0,0,1,0,0,0,0,0,0,0,0,0,1,1,0,0,0,0,0,1,1,1,4.5,763,5373.07,57.03,9.26
Himalaya By Monarch,12.975871086120605,77.57599639892578,1,1,0,1,0,0,1,1,0,1,1,0,0,0,1,1,1,0,0,1,1,1,0,0,0,0,1,0,0,0,0,0,0,0,1,0,1,0,1,0,0,0,0,0,0,1,1,4.5,144,2103.0,453.79,6.69
Ramanashree Richmond - Richmond Circle,12.966214179992676,77.59492492675781,1,1,0,0,1,1,1,1,1,1,1,0,0,0,1,0,1,1,1,0,1,1,1,0,0,1,1,1,1,0,0,0,0,0,1,1,1,1,1,1,0,0,0,0,1,0,1,4.0,373,2926.35,476.27,7.88
The Continentti Brookefield,12.96371841430664,77.71381378173828,1,1,0,0,0,1,1,1,0,1,1,0,1,0,1,0,1,1,0,0,0,1,0,0,0,0,0,0,0,0,0,0,0,0,1,0,1,0,1,0,0,0,0,0,0,0,1,5.0,66,1205.18,92.28999999999999,6.16
Silicon Suites,13.07266330718994,77.50338745117188,1,1,0,1,0,1,1,1,1,1,1,0,1,0,1,1,1,1,1,0,1,1,1,1,0,1,0,0,1,0,0,0,1,0,1,0,1,1,1,0,0,0,0,0,1,1,1,4.5,48,2016.0,16.759999999999998,5.37
juSTa MG Road,12.972557067871096,77.61662292480469,1,1,0,0,0,1,1,1,1,1,1,0,0,0,1,0,1,1,1,0,0,1,0,0,0,1,1,0,1,0,0,0,0,0,1,0,0,1,1,0,0,0,0,0,1,0,1,4.5,549,8772.19,497.93,8.94
Arna Hotel,13.157288551330565,77.625,1,0,0,0,0,0,1,0,1,0,1,0,0,0,1,1,1,1,0,0,1,1,1,0,0,0,0,0,0,0,0,0,0,0,0,0,0,1,1,0,0,0,0,0,1,1,1,5.0,59,2633.45,14.719999999999999,6.05
Fortune Park JP Celestial,12.980853080749512,77.57589721679688,1,0,0,0,1,0,1,0,1,1,1,1,1,0,1,1,1,1,1,1,1,1,1,1,0,0,1,1,0,0,0,0,0,0,1,0,0,1,1,1,0,0,0,0,1,1,0,4.0,714,3237.98,454.62,8.71
Silverstar Hotel,12.979161262512207,77.57909393310547,1,1,0,0,0,1,1,1,0,1,1,0,0,0,1,0,1,0,0,0,0,1,0,0,0,0,0,0,1,0,0,0,0,0,1,0,0,0,1,0,0,0,0,0,1,1,0,4.0,304,2184.0,459.84000000000003,7.52
37th Crescent Boutique Suites,13.021455764770508,77.63764190673828,1,0,0,0,0,0,1,0,0,0,1,0,0,0,1,0,1,1,0,0,0,0,0,0,0,0,0,0,0,0,0,0,0,0,0,0,0,0,1,0,0,0,0,0,0,0,1,5.0,57,6509.5,339.5199999999999,6.02
Citrine Hotel,12.986549377441404,77.57464599609375,1,1,0,0,0,0,1,0,0,1,1,0,1,0,1,0,1,1,1,0,1,1,1,0,0,1,0,1,1,0,0,0,0,0,1,0,1,1,1,1,0,0,0,0,1,0,1,4.5,231,3218.42,443.16,7.52
Arra Suites,13.15634536743164,77.62616729736328,1,1,0,0,0,1,1,1,0,1,1,0,0,0,1,0,0,1,1,1,0,1,0,0,0,1,1,0,1,1,0,0,0,0,1,0,1,0,1,1,0,0,0,0,1,0,1,4.5,275,1159.5,14.719999999999999,7.84
Zone by the Park Electronic City Bengaluru,12.84522533416748,77.66527557373047,1,1,0,0,1,0,1,0,1,1,1,1,1,0,1,1,1,1,1,0,0,1,1,0,0,1,0,1,1,0,0,0,0,0,1,0,1,1,1,1,0,0,0,0,1,1,1,4.5,137,2648.8,4.79,6.61
Olde Bangalore Hotel & Resort,13.191280364990234,77.62188720703125,1,0,0,0,1,1,0,1,1,0,1,1,1,1,1,0,1,1,1,0,1,1,1,0,0,0,0,0,1,0,0,0,0,0,1,0,0,1,1,1,0,0,0,0,0,0,1,4.0,277,7978.9,10.54,7.35
Hotel La Classic,12.783933639526367,77.75719451904297,1,0,0,0,0,0,1,0,1,1,1,1,1,0,1,0,1,1,0,0,1,1,1,1,0,0,0,1,0,0,0,0,0,0,0,0,0,1,1,0,0,0,0,0,1,0,1,4.0,233,3808.0,0.0,7.03
Treebo Trend Akshaya Lalbagh Inn,12.943312644958494,77.58411407470703,1,1,0,0,0,1,1,1,0,1,1,0,0,0,1,1,0,0,0,0,1,1,0,0,1,1,0,0,1,0,0,0,0,0,1,0,0,1,1,1,0,0,0,0,1,0,1,4.0,209,1864.71,469.35999999999996,6.83
The Orchard Suites,12.99697971343994,77.58055114746094,1,0,0,0,0,0,1,0,0,1,1,0,0,0,1,0,1,0,0,0,0,0,0,0,0,0,0,0,1,0,0,0,0,0,0,0,0,1,1,0,0,0,0,0,1,1,1,4.0,275,2170.12,450.21000000000004,7.34
Shivas Gateway,13.192408561706545,77.64672088623047,1,0,0,0,0,0,1,0,1,1,1,0,0,0,1,1,1,1,0,0,0,1,1,0,0,1,0,0,1,0,0,0,0,0,0,0,0,1,1,0,0,0,0,0,1,1,1,4.0,152,4467.74,23.92,6.28
Rosewood International Hotel,12.952939987182615,77.5450210571289,1,1,0,0,1,1,1,1,1,1,1,0,1,0,1,0,1,1,0,1,1,1,1,1,1,1,1,1,1,0,0,0,0,0,1,0,1,1,1,0,0,0,0,0,1,1,1,4.5,82,2497.0,420.7799999999999,5.9
Hotel Sanman Gardenia,12.94351291656494,77.58473205566406,1,0,0,0,0,0,1,0,0,1,1,0,0,0,1,0,1,0,1,0,0,1,0,0,0,1,0,0,1,0,0,0,0,0,1,0,1,1,1,0,0,0,0,0,1,0,1,4.0,133,2229.0,477.59,6.06
The Little Blue Window Hostel,12.913922309875488,77.60890197753906,0,0,0,0,0,0,0,0,0,0,1,0,0,0,1,1,1,0,0,0,0,0,0,0,0,0,0,0,1,0,0,0,0,0,0,0,0,0,1,0,0,0,0,0,1,1,0,5.0,48,542.66,358.46999999999997,5.87
Benhur Pride Hotel,12.958306312561035,77.55508422851562,1,0,0,0,0,0,1,0,0,0,1,0,0,0,1,0,1,0,0,0,0,0,0,0,0,0,0,0,0,0,0,0,0,0,0,0,0,0,1,0,0,0,0,0,1,0,1,5.0,63,2688.0,426.98999999999995,6.11
Treebo Trip Akshaya Mayflower,12.895525932312012,77.60806274414062,1,0,0,0,0,1,1,0,0,1,1,0,0,0,1,0,0,0,0,0,0,0,0,0,0,0,1,0,1,0,0,0,0,0,1,0,0,0,1,0,0,0,0,0,1,0,0,4.0,189,1629.16,173.95000000000005,6.65
Shivas Gateway,13.192408561706545,77.64672088623047,1,0,0,0,0,0,1,0,1,1,1,0,0,0,1,1,1,1,0,0,0,1,1,0,0,1,0,0,1,0,0,0,0,0,0,0,0,1,1,0,0,0,0,0,1,1,1,4.0,152,4467.74,23.92,6.28
BluPetal - A Business Hotel,12.93348789215088,77.61531066894531,1,1,0,0,0,0,1,0,1,1,1,0,0,0,1,0,1,0,0,0,1,1,1,0,0,1,0,1,1,0,0,0,0,0,1,0,0,1,1,1,0,0,0,0,1,0,1,4.0,201,2138.05,429.70000000000005,6.76
Ginger Bangalore (Inner Ring Road),12.952322959899902,77.64004516601562,1,0,0,0,0,0,1,0,0,1,1,0,0,0,1,1,1,1,0,0,0,1,1,0,0,0,1,1,1,0,0,0,0,0,1,0,0,1,1,0,0,0,0,0,1,1,0,4.0,214,3918.88,434.89000000000004,6.88
Melange Astris,12.96485996246338,77.59857177734375,1,0,0,0,0,0,1,0,0,1,1,1,0,0,1,0,1,1,1,0,1,1,1,0,0,0,0,0,0,1,0,0,0,0,0,0,0,1,1,1,0,0,0,0,1,0,1,4.0,250,3358.88,482.2,7.16
Goldfinch Retreat Bengaluru,13.194876670837402,77.6357650756836,1,1,0,0,1,1,1,1,1,1,1,1,1,1,1,1,1,1,1,1,1,1,1,1,1,1,1,1,1,0,0,1,1,0,1,1,1,1,1,1,0,0,0,0,0,0,1,4.0,381,3358.88,15.43,7.91
The Sanctum Suites BEL Road,13.024984359741213,77.57630920410156,1,1,0,0,0,0,1,1,0,1,1,0,0,0,1,1,0,1,1,1,0,0,0,0,0,1,1,1,1,0,0,0,0,0,0,1,1,1,1,1,0,0,0,0,1,1,1,4.5,143,2800.0,356.3799999999999,6.68
The Rialto Hotel,12.980344772338867,77.5765151977539,1,0,0,0,0,0,1,0,0,1,1,0,0,0,1,1,1,0,0,0,1,1,1,0,0,1,0,0,1,0,0,0,0,0,0,0,0,1,1,0,0,0,0,0,1,0,1,4.5,102,3064.66,459.84000000000003,6.18
Terrace Gardens Guest House,12.970479965209961,77.61431121826172,0,0,0,0,0,0,1,0,0,1,1,0,0,0,1,0,1,1,1,0,0,0,0,0,0,1,0,1,1,0,0,0,0,0,1,0,1,1,1,0,0,0,0,0,0,0,1,4.0,142,2891.38,500.88000000000005,6.17
Treebo Trend Raj Premier,12.982074737548828,77.63780212402344,1,1,0,0,0,0,1,0,0,0,1,0,0,0,1,1,1,0,0,0,0,0,0,0,0,0,1,0,0,0,0,0,0,0,1,0,0,0,1,0,0,0,0,0,1,0,0,4.5,82,2801.58,412.75,5.9
"Octave Hotel & Spa, Sarjapur Road",12.91697597503662,77.67259216308594,1,0,0,0,0,1,1,1,0,1,1,0,1,0,1,0,1,1,1,0,1,1,1,1,0,1,0,1,1,0,0,0,0,0,1,0,0,1,1,1,0,0,0,0,1,0,1,4.0,272,1792.0,112.35,7.32
The Capitol,12.98257541656494,77.59432220458984,1,0,0,0,0,0,1,0,1,1,1,1,1,0,1,0,1,1,1,0,1,1,1,0,0,1,0,1,1,0,0,0,0,0,1,0,1,1,1,0,0,0,0,0,1,1,1,4.0,305,4141.62,489.29,7.52
Treebo Trend Edha Suites,12.938132286071776,77.63055419921875,1,1,0,0,0,1,1,1,0,0,1,0,0,0,1,1,1,1,0,0,0,0,0,0,0,0,1,0,0,0,0,0,0,0,1,0,0,1,1,0,0,0,0,0,0,1,0,4.0,60,2289.07,429.70000000000005,5.07
Krishinton Suites,13.023228645324707,77.56279754638672,1,0,0,0,0,0,1,0,0,1,1,0,1,0,1,0,1,0,0,0,0,1,1,0,0,1,0,0,1,0,0,0,0,0,1,0,0,1,1,0,0,0,0,0,0,0,1,4.0,123,3361.11,322.8399999999999,5.94
Utse Suites,12.984892845153807,77.61164093017578,1,1,0,0,0,1,1,0,0,0,1,0,0,0,0,0,1,0,1,0,0,1,0,0,1,1,0,1,1,1,0,0,0,0,1,0,0,0,1,0,0,0,0,0,1,0,1,4.5,55,2506.0,486.45000000000005,5.49
Holiday Inn Express & Suites Bengaluru Old Madras Road,13.054100036621096,77.76182556152344,0,0,0,0,0,0,1,0,0,0,1,0,1,0,1,0,1,1,0,0,0,0,0,0,0,0,0,0,0,0,0,0,0,0,0,0,0,0,0,0,0,0,0,0,0,0,1,5.0,20,2910.87,4.15,5.38
Treebo Trip Elmas Golden Key,12.935454368591307,77.6129379272461,1,1,0,0,0,1,1,0,0,1,1,0,0,0,0,1,0,0,0,0,0,0,0,0,0,0,0,0,0,0,0,0,0,0,1,0,0,1,1,0,0,0,0,0,0,0,0,4.0,157,965.63,441.47,6.33
Treebo Trend Greenwood Premier Suites,12.962076187133787,77.64934539794922,1,0,0,0,0,0,1,0,0,1,1,0,0,0,1,1,0,0,0,0,1,1,0,0,1,1,0,0,1,0,0,0,0,0,1,0,0,0,1,0,0,0,0,0,1,0,1,4.0,127,1763.63,374.22,5.99
Casa de Bengaluru,12.935779571533205,77.62207794189453,1,0,0,0,0,0,1,0,1,1,1,1,1,0,0,0,1,0,0,0,1,1,0,0,0,0,0,1,0,0,0,0,0,0,0,0,0,1,1,0,0,0,0,0,1,0,1,4.0,153,3423.94,429.70000000000005,6.29
RG Royal Hotel,13.016990661621096,77.54905700683594,1,1,0,0,1,0,1,0,0,0,0,1,1,0,1,0,1,1,1,0,0,1,0,0,1,1,0,1,1,0,0,0,0,0,1,1,1,1,1,1,0,0,0,0,1,0,0,4.5,77,5040.0,305.58,5.83
The President Hotel,12.928959846496582,77.58200073242188,1,1,0,0,1,0,1,0,1,1,1,0,1,0,1,1,1,1,1,0,1,1,1,0,0,1,0,0,1,0,0,0,0,0,1,0,1,1,1,1,0,0,0,0,1,1,1,4.0,277,5095.18,434.44,7.35
Lotus Pond Homestay,12.943496704101562,77.58375549316406,0,0,0,0,0,0,1,0,0,0,0,0,0,0,1,0,0,0,0,0,0,0,0,0,0,0,0,0,0,0,0,0,0,0,0,0,0,0,0,0,0,0,0,0,0,0,0,4.5,55,5600.0,469.35999999999996,5.49
Shilton Royale,12.938695907592773,77.62994384765625,1,0,0,0,0,1,1,1,1,1,1,0,1,0,1,0,1,0,1,0,1,1,1,0,0,1,0,1,1,0,0,0,0,0,1,0,0,1,1,0,0,0,0,0,1,0,1,4.0,158,4088.0,429.70000000000005,6.34
The Fern Residency,13.027177810668945,77.5438003540039,1,1,0,0,1,1,1,1,1,1,1,0,1,0,1,1,1,1,1,0,1,1,1,0,0,1,1,1,1,0,0,0,0,0,1,0,1,1,1,1,0,1,0,0,1,0,1,4.0,130,2232.82,227.95000000000002,6.03
SFO Hotel and Suites,12.905179977416992,77.53811645507812,1,1,0,0,0,1,1,1,1,1,1,0,1,0,1,0,1,1,1,0,0,1,1,0,0,0,0,0,0,0,0,0,0,0,1,0,0,1,1,1,0,0,0,0,1,1,1,4.0,101,5906.0,171.81,5.66
Hotel Pai Vista,12.930957794189453,77.57624053955078,1,0,0,0,1,1,1,1,0,0,1,0,0,0,1,1,0,1,1,0,1,1,1,0,0,1,0,1,1,0,0,0,0,0,1,1,0,1,1,1,0,0,0,0,1,1,1,4.5,58,2856.0,447.1,5.54
Ixora Suites,12.978002548217773,77.63954162597656,1,1,0,0,0,1,1,1,0,1,1,0,0,0,0,0,0,0,1,0,0,0,1,0,0,0,0,0,1,0,0,0,0,0,1,0,1,0,1,0,0,0,0,0,0,0,1,4.5,77,2843.62,413.7,5.83
Krishnam A Business Hotel,12.975045204162598,77.6968994140625,0,0,0,0,0,0,1,0,0,0,1,0,0,0,1,0,1,1,0,0,0,0,0,0,0,0,0,0,0,0,0,0,0,0,0,0,0,0,0,0,0,0,0,0,0,0,0,5.0,19,2352.0,103.64000000000001,5.37
White Castle,13.068687438964846,77.59673309326172,1,1,0,0,0,1,1,1,0,0,1,0,0,0,0,1,1,0,0,0,0,1,0,0,0,0,0,0,0,0,0,0,0,0,0,0,0,1,1,0,0,0,0,0,0,0,0,4.5,50,4672.42,80.51,5.41
Hotel Bangalore Gate,12.973614692687988,77.57914733886719,1,1,0,1,0,1,1,1,0,1,1,0,0,0,1,1,1,1,1,1,1,1,1,0,0,1,1,1,1,1,0,0,1,0,1,0,1,1,1,1,0,1,0,0,1,1,1,4.0,172,2058.1,465.39,6.49
The Byke Signature,12.98460578918457,77.75653839111328,1,1,0,0,0,0,1,0,1,0,1,0,0,0,1,1,1,0,0,0,0,1,0,0,0,0,0,1,0,0,0,0,0,0,0,0,0,0,1,0,0,0,0,0,1,0,0,4.5,23,1523.05,38.02,4.94
Zion - A Luxurious Hotel,12.978949546813965,77.57713317871094,0,0,0,0,0,0,1,0,0,0,1,1,1,0,1,0,1,1,0,0,0,0,0,1,0,0,0,0,0,0,0,0,0,0,0,0,0,0,0,0,0,0,0,0,0,0,1,5.0,20,2914.62,459.84000000000003,5.38
Minla Hotel,13.010719299316404,77.55038452148438,1,1,0,0,0,1,1,1,0,0,1,0,0,0,1,1,1,0,0,0,0,1,1,0,0,0,1,0,0,0,0,0,0,0,1,0,1,1,1,0,0,0,0,0,1,0,1,4.5,48,3884.6,368.51,5.37
Ballal Residency,12.971444129943848,77.6085433959961,1,1,0,0,0,1,1,1,0,0,1,0,1,0,1,1,1,1,1,0,1,1,1,0,0,1,0,1,1,0,0,0,0,0,1,1,0,1,1,1,0,0,0,0,1,0,1,4.0,107,4696.61,488.35,5.74
Liwa Hotel,13.075984001159668,77.59154510498047,1,0,0,0,0,0,1,0,1,0,1,0,0,0,1,1,1,0,0,0,1,1,1,0,0,0,0,0,0,0,0,0,0,0,0,0,0,1,1,0,0,0,0,0,1,1,1,4.0,73,2619.9,30.78,5.27
Nandhana Grand,12.936274528503418,77.6214370727539,1,0,0,0,0,0,1,0,1,1,1,0,1,0,1,1,1,0,0,0,1,1,1,0,0,0,0,0,0,0,0,0,0,0,0,0,0,1,1,0,0,0,0,0,1,1,1,4.0,168,3061.97,429.70000000000005,6.45
Crest Executive Suites,12.991362571716307,77.72860717773438,1,0,0,0,0,0,1,0,1,0,1,1,0,0,1,1,1,1,0,0,0,1,0,0,0,0,0,1,0,0,1,0,0,0,0,0,0,1,1,0,0,0,0,0,1,1,1,4.0,74,4032.0,57.07,5.28
37th Crescent Hotel Bangalore,12.984853744506836,77.58088684082031,1,0,0,0,1,0,1,0,1,1,1,0,1,0,1,1,1,0,1,0,1,1,1,0,0,1,0,1,1,0,0,0,0,0,1,0,0,1,1,1,0,0,0,0,1,1,1,4.0,219,6100.42,459.84000000000003,6.92
Hotel Ivory Tower,12.975730895996096,77.60508728027344,1,0,0,0,0,0,1,0,0,0,1,0,1,0,1,0,1,0,0,0,1,1,1,0,0,1,0,1,1,0,0,0,0,0,0,0,0,1,1,0,0,0,0,0,0,0,1,4.0,57,3214.4,489.6,5.02
Evoma,13.022149085998535,77.71126556396484,1,1,0,0,0,0,1,0,0,0,1,1,1,0,1,0,1,1,1,0,1,1,1,0,0,1,0,1,1,0,0,0,0,0,1,0,0,1,1,1,0,0,0,0,1,1,1,4.0,82,3724.0,54.300000000000004,5.4
Sairam Residency,12.978846549987793,77.57948303222656,1,1,0,0,0,1,1,0,0,1,1,0,0,0,0,0,1,1,1,1,0,1,0,0,0,1,1,0,1,0,1,0,0,0,1,1,1,1,1,0,0,0,0,0,0,0,0,4.5,64,2016.0,459.84000000000003,5.63
The Pommels Business Hotel,13.024299621582033,77.64227294921875,1,1,0,0,0,1,1,1,0,0,1,0,0,0,1,0,1,1,1,1,0,1,0,0,0,0,1,1,1,0,0,0,0,0,1,0,1,1,1,1,0,0,0,0,1,1,0,4.5,28,2892.28,291.50999999999993,5.03
Emerald Suites by Kallate,12.93582820892334,77.61711120605469,1,0,0,0,0,1,1,0,0,0,1,0,0,0,1,0,1,0,0,0,0,0,0,0,0,0,1,0,0,0,0,0,0,0,0,0,0,0,0,0,0,0,0,0,0,0,0,5.0,35,1769.6,437.03000000000003,5.65
De Mandarin,13.029865264892578,77.57123565673828,1,0,0,0,0,0,1,0,1,0,1,0,0,0,0,1,1,1,0,0,0,1,0,0,0,0,0,0,0,0,0,0,0,0,0,0,0,1,1,0,0,0,0,0,1,1,0,4.5,21,4176.02,322.8399999999999,4.9
The Garden Asia Resorts and Hotel,12.876059532165527,77.4437484741211,1,1,0,0,0,0,1,0,0,0,0,1,1,0,1,0,1,1,0,0,0,1,0,0,0,0,0,0,0,0,0,0,0,0,1,0,0,1,1,0,0,0,0,0,0,0,0,4.0,46,4234.72,20.36,4.84
Melange Luxury Serviced Apartments,12.970318794250488,77.59693908691406,1,0,0,0,0,0,0,0,1,1,1,0,0,0,1,0,0,1,1,0,0,0,0,0,0,0,1,1,1,0,0,0,0,0,1,0,0,0,1,1,0,0,0,0,0,0,1,4.0,75,3918.88,487.62,5.3
Komfort Terraces Hotel,12.97482967376709,77.61061096191406,1,1,0,0,0,0,1,0,0,0,1,0,1,0,1,0,1,1,1,0,0,1,0,0,0,1,0,0,1,0,1,0,0,0,1,1,1,1,1,1,0,0,0,0,1,0,0,4.0,151,1646.42,493.59000000000003,6.27
Nandhana Hometel,12.96210479736328,77.6418685913086,1,0,0,0,0,1,1,1,1,0,1,0,0,0,1,0,1,1,1,0,0,1,0,0,0,1,0,1,1,0,0,0,0,0,1,0,0,1,1,0,0,0,0,0,1,0,0,4.0,86,2885.12,397.89000000000004,5.46
D'Brooks,12.965229988098145,77.71636199951172,1,1,0,0,0,1,1,1,0,1,1,0,0,0,1,1,1,1,1,1,0,1,1,0,0,1,1,1,1,0,0,0,1,0,1,0,1,1,1,1,0,0,0,0,1,1,0,4.5,20,900.0,79.75,4.88
Apollo Greens Serviced Apartments,12.96853256225586,77.63146209716797,1,0,0,0,0,0,1,0,1,0,1,0,0,0,1,1,1,0,0,0,0,0,0,0,0,0,0,1,0,0,0,0,0,0,0,0,0,1,1,0,0,0,0,0,1,1,1,4.5,27,3804.18,464.50000000000006,5.01
Ramada by Wyndham Bengaluru Yelahanka,13.156866073608398,77.5648193359375,1,0,0,0,0,0,1,0,1,0,1,1,0,0,1,0,1,1,0,0,1,1,1,1,0,0,0,1,0,0,0,0,0,0,0,0,0,0,1,0,0,0,0,0,1,1,1,4.5,56,4760.0,14.719999999999999,5.5
The Ambient Turret,12.90548038482666,77.58386993408203,1,1,0,0,0,1,1,0,1,1,1,0,0,0,1,1,1,1,1,1,0,0,0,1,1,1,1,1,1,0,0,0,0,0,1,0,1,1,1,0,0,0,0,0,1,0,1,4.0,68,2186.4,259.13000000000005,5.19
Ankit Vista Green Village,12.98705005645752,77.69503021240234,1,0,0,0,0,0,1,0,0,0,1,1,1,0,1,1,1,1,0,0,1,1,1,1,0,0,0,1,0,0,0,0,0,0,0,0,0,1,1,0,0,0,0,0,1,1,1,4.0,56,3682.42,108.44,5.0
The Curzon Court,12.974136352539062,77.60791015625,1,1,0,0,0,1,1,1,1,0,1,0,0,0,1,1,1,1,1,0,0,0,0,0,0,1,1,0,1,0,0,0,0,0,0,0,1,1,1,0,0,0,0,0,1,1,1,4.0,90,3295.96,485.40000000000003,5.51
Ashraya International Hotel,12.983633041381836,77.59351348876953,1,0,0,0,0,0,1,0,0,0,1,0,1,0,1,0,1,0,0,0,0,1,1,0,0,0,0,1,0,0,0,0,0,0,0,0,0,1,1,0,0,0,0,0,0,0,1,4.0,101,2367.22,494.21000000000004,5.66
Akshaya Aura,12.976256370544435,77.57917022705078,1,1,0,0,0,1,1,1,0,0,1,0,0,0,1,0,1,1,1,0,0,1,0,0,0,1,1,1,1,0,0,0,0,0,1,0,0,0,1,0,0,0,0,0,1,1,1,4.0,88,2597.0,460.36,5.48
iStay Hotels Rajajinagar,12.991829872131348,77.52870178222656,1,0,0,0,0,0,1,0,0,0,0,0,0,0,1,1,1,0,0,0,1,1,0,0,0,0,0,0,0,0,0,0,0,0,0,0,0,1,1,0,0,0,0,0,1,0,0,4.0,77,2382.0,321.36999999999995,5.33
The Bouvice Hotel,12.932005882263185,77.63314056396484,1,1,0,1,0,1,1,1,0,1,1,0,0,0,1,1,1,1,1,1,0,1,0,0,0,0,1,1,1,0,0,0,1,0,0,0,1,1,1,0,0,1,0,0,1,1,1,4.5,85,1637.16,381.21999999999997,5.94
De Venetian By TGI,12.965002059936525,77.71656799316406,1,0,0,0,0,0,1,0,0,0,1,0,0,0,1,0,1,0,0,0,0,0,0,0,0,0,0,0,0,0,0,0,0,0,0,0,0,0,0,0,0,0,0,0,0,0,0,5.0,12,1599.84,79.75,5.23
Treebo Trend Rotano Suites,13.107000350952148,77.5754623413086,1,1,0,0,0,1,1,0,0,0,0,0,0,0,1,0,1,0,0,0,0,0,0,0,0,0,0,0,0,0,0,0,0,0,1,0,0,0,1,0,0,0,0,0,0,0,1,4.0,33,1554.34,30.189999999999998,4.62
Treebo Trend Akshaya Bull Temple,12.944185256958008,77.5679702758789,1,0,0,0,0,0,1,0,0,0,1,0,0,0,0,0,0,0,0,0,0,0,0,0,0,0,0,0,0,0,0,0,0,0,0,0,0,0,0,0,0,0,0,0,0,0,0,4.5,20,2301.6,467.43999999999994,4.88
Zone By The Park Infantry,12.98057746887207,77.60455322265625,1,1,0,1,1,1,1,1,1,1,1,0,0,0,1,1,1,1,0,1,1,1,1,0,1,1,1,0,1,0,0,1,1,0,0,0,1,1,1,1,0,0,0,0,1,0,1,3.5,291,3521.52,500.15000000000003,6.94
Octave Hotel & Spa - Marathahalli,12.942415237426758,77.69741821289062,1,1,0,0,0,1,1,1,0,0,1,0,0,0,1,0,1,0,1,0,0,1,0,1,0,1,0,1,1,0,0,0,0,0,1,1,1,1,1,1,0,0,0,0,0,0,0,4.0,74,1316.66,108.22999999999999,5.28
Northern Suites,12.96048355102539,77.7138900756836,1,1,0,0,1,0,1,1,1,0,1,0,0,0,1,1,1,1,1,0,0,1,0,0,0,0,0,1,0,0,0,0,0,0,1,0,0,1,1,1,0,0,0,0,1,1,1,4.5,28,1902.88,92.28999999999999,5.03
Tranzotel Bangalore Airport,13.147360801696776,77.62069702148438,1,0,0,0,0,0,1,0,0,0,1,0,0,0,1,1,1,1,0,0,0,0,0,0,0,1,0,0,0,0,0,0,0,0,0,0,0,1,1,0,0,0,0,0,0,0,1,4.0,33,2352.0,14.719999999999999,4.62
Sunshine Suites,12.879719734191895,77.5979995727539,0,0,0,0,0,0,0,0,0,0,0,0,0,0,0,0,1,0,0,0,0,0,0,0,0,0,0,0,0,0,0,0,0,0,0,0,0,0,0,0,0,0,0,0,0,0,0,4.5,21,2688.0,162.17000000000002,4.9
Nandhana Comforts,12.958470344543455,77.7010726928711,1,0,0,0,0,1,1,1,0,0,1,0,1,0,1,1,1,1,1,0,1,1,1,0,0,1,0,1,1,0,0,0,0,0,1,0,0,1,1,0,0,0,0,0,1,1,0,4.0,33,2010.21,92.28999999999999,4.62
"The Zinc, Whitefield - Bengaluru",12.977798461914062,77.75714111328125,1,1,1,1,1,1,1,1,1,1,1,1,1,0,1,1,1,1,1,0,1,1,1,1,0,1,0,1,1,0,0,0,1,0,0,1,1,1,1,1,0,0,0,0,1,0,1,5.0,9,2400.55,38.02,5.18
Nandhana Regent,12.933989524841307,77.62510681152344,1,1,0,0,0,0,1,0,1,0,1,0,1,0,1,1,1,1,0,0,1,1,1,0,0,0,0,1,0,0,0,0,0,0,0,0,0,1,1,0,0,0,0,0,1,1,0,4.5,16,1027.0,421.21000000000004,4.81
Nagarjuna Suites,12.938957214355467,77.6958236694336,1,1,1,0,0,0,1,1,0,1,0,1,0,0,1,1,1,0,1,1,0,0,0,0,0,1,1,1,1,0,0,0,1,0,1,0,0,1,1,1,0,0,0,0,1,0,1,4.0,47,2520.0,108.22999999999999,4.86
The Porch Inn Hotel & Service Apartments,12.944572448730467,77.59644317626953,1,1,0,1,1,1,1,1,1,1,1,0,0,0,1,1,1,1,1,1,0,0,0,0,0,1,1,1,1,1,0,1,1,0,1,1,1,1,1,1,0,1,0,0,1,1,1,5.0,10,1733.76,472.9,5.2
Hotel Vande Matharam,13.01095199584961,77.5506362915039,1,0,0,0,0,0,1,0,1,0,1,0,1,0,1,0,1,0,0,0,0,1,0,0,0,0,0,1,0,0,0,0,0,0,0,0,0,1,1,0,0,0,0,0,0,0,0,4.0,38,3025.12,372.93,4.71
The Palladium Hotel,12.979120254516602,77.5767822265625,1,1,0,0,1,1,1,1,1,0,1,0,0,0,1,0,1,0,0,0,0,1,0,0,0,0,0,0,0,0,0,0,0,0,1,0,1,1,1,1,0,0,0,0,0,0,1,4.0,34,2197.65,459.84000000000003,4.64
Vinaya Royal Inn,12.849160194396973,77.67298889160156,1,1,0,0,0,1,1,1,0,0,1,0,1,0,1,0,1,1,1,1,0,1,0,0,0,1,1,1,1,0,1,0,0,0,1,0,1,1,0,1,0,0,0,0,0,0,1,4.0,34,1617.78,4.79,4.64
Fantasy Golf Resort,13.188611030578613,77.65264129638672,1,0,0,0,0,0,1,0,0,1,1,1,1,1,1,0,1,1,0,0,0,1,1,0,0,0,0,0,0,0,0,0,0,0,0,0,0,1,1,0,0,0,0,0,1,0,0,3.5,178,5852.0,17.13,6.05
Shilton Suites,12.975520133972168,77.61727905273438,1,1,0,0,0,0,1,0,0,0,1,0,1,0,1,0,0,0,0,0,0,1,0,0,0,0,0,1,1,0,0,0,0,0,1,0,0,1,1,0,0,0,0,0,1,0,1,4.0,59,2352.0,502.71,5.05
Taura Comfort,12.984330177307127,77.61431884765625,1,0,0,0,0,0,0,0,0,0,1,0,0,0,0,0,1,0,0,0,0,0,0,0,0,0,0,0,0,0,0,0,0,0,0,0,0,0,0,0,0,0,0,0,0,0,0,4.5,23,1755.0,494.64000000000004,4.94
Coffee Bean Inn,12.914989471435547,77.64328002929688,0,0,0,0,0,0,1,0,0,0,1,0,0,0,1,0,1,1,0,0,0,0,0,0,0,0,0,0,0,0,0,0,0,0,0,0,0,0,0,0,0,0,0,0,0,0,0,5.0,8,1411.2,199.22999999999996,5.16
Happy Home Resort,12.804081916809082,77.63818359375,1,1,0,0,0,0,1,0,0,0,0,1,0,0,1,0,1,0,0,0,0,1,0,1,0,0,0,0,0,0,0,0,0,0,0,0,0,0,0,0,0,0,0,0,0,0,1,4.0,33,2800.0,12.559999999999999,4.62
FabHotel Prime Urban,12.958191871643065,77.64948272705078,1,1,0,0,0,1,1,1,1,0,1,0,0,0,1,0,1,1,1,1,0,0,0,0,0,0,1,1,0,0,0,0,0,0,1,0,0,0,1,0,0,0,0,0,0,0,1,4.0,41,2100.56,362.46,4.76
Hotel VT Paradise,12.965539932250975,77.58973693847656,1,1,0,0,1,1,1,0,1,0,1,0,0,0,1,0,1,1,1,0,1,1,1,0,0,1,0,1,1,0,0,0,0,0,1,0,1,1,1,1,0,0,0,0,0,0,0,3.5,51,2912.0,476.27,4.42
Hoppers Stop Yelahanka,12.945050239562988,77.5759506225586,1,1,0,0,0,1,1,1,0,0,1,0,0,0,1,1,1,1,1,1,0,0,0,0,0,1,1,0,1,0,0,0,0,0,1,1,1,0,1,0,0,0,0,0,0,0,1,4.5,51,2060.92,479.94,5.42
Quality Inn Shravanthi,12.907573699951172,77.5984115600586,1,0,0,0,0,0,1,0,0,1,1,0,1,0,1,0,1,1,0,0,1,1,1,0,0,0,0,1,0,0,0,0,0,0,0,0,0,1,1,0,0,0,0,0,1,0,1,3.5,160,3947.27,312.1099999999999,5.86
Hotel City Centre Residency,12.97930145263672,77.63749694824219,1,1,1,1,1,1,1,1,1,1,1,0,0,0,1,1,1,1,1,1,1,1,1,0,0,1,1,1,1,0,0,0,1,0,1,0,0,1,1,1,0,0,1,0,1,1,1,4.0,41,1805.22,424.37,4.76
Hotel Maurya,12.980921745300293,77.57677459716797,1,1,0,0,1,1,1,1,0,1,1,0,1,0,1,1,1,1,1,0,1,1,1,0,0,1,0,1,1,1,0,0,0,0,1,1,1,1,1,0,0,0,0,0,1,1,1,3.5,71,2910.88,459.84000000000003,4.74
Hotel The Shack,13.012582778930664,77.66535186767578,1,0,0,0,0,0,1,0,0,0,1,0,1,0,1,0,1,1,0,0,0,0,0,0,0,0,0,0,0,0,0,0,0,0,0,0,0,0,1,0,0,0,0,0,0,0,0,5.0,8,1221.96,162.99999999999997,5.16
Hotel SRT Alpines,12.806730270385742,77.69807434082031,1,1,0,0,0,1,1,1,0,0,1,0,1,0,1,1,1,1,1,0,1,1,1,1,0,1,0,0,1,0,0,0,0,0,1,0,1,1,1,1,0,0,0,0,1,1,1,4.0,33,2560.0,4.79,4.62
Crimson Lotus,13.042710304260256,77.56600189208984,0,0,0,0,0,0,1,0,0,0,1,0,0,0,1,0,0,0,0,0,0,0,0,0,0,0,0,0,0,0,0,0,0,0,0,0,0,0,0,0,0,0,0,0,0,0,1,5.0,7,2256.57,222.47000000000003,5.14
Transit Manyata by Staytrendz,13.050970077514648,77.63053894042969,0,0,0,0,0,0,1,0,0,0,1,0,0,0,1,0,1,1,0,0,0,0,0,1,0,0,0,0,0,0,0,0,0,0,0,0,0,0,0,0,0,0,0,0,0,0,1,5.0,7,2576.0,64.13,5.14
Hotel Golden Evana,12.897239685058596,77.63318634033203,1,1,0,1,1,1,1,1,1,1,1,0,0,0,1,1,1,1,1,1,1,1,1,0,0,1,1,0,0,0,0,0,1,0,1,1,1,0,1,1,0,1,0,0,1,1,1,5.0,7,1420.43,131.03,5.14
Online Suites,12.813876152038574,77.6897964477539,1,1,0,0,0,0,1,0,0,0,1,0,0,0,1,0,1,0,1,0,0,1,0,0,0,1,0,0,1,0,0,0,0,0,1,0,0,1,1,1,0,0,0,0,0,0,0,3.5,36,1497.67,4.79,4.17
Manpho Bell Hotel & Convention Center,12.996600151062012,77.7588882446289,1,0,0,0,0,0,1,0,0,0,1,0,1,0,1,0,1,0,0,0,0,0,0,0,0,0,0,0,0,0,0,0,0,0,0,0,0,1,1,0,0,0,0,0,0,0,1,3.5,68,2720.59,38.02,4.69
Treebo Trend Stay Tuned,12.904550552368164,77.59486389160156,1,0,0,0,0,0,1,0,0,0,1,0,0,0,0,0,1,0,0,0,0,0,0,0,0,0,0,0,0,0,0,0,0,0,1,0,0,0,1,0,0,0,0,0,0,0,0,4.0,19,1876.65,283.17999999999995,4.37
Paramos Inn,12.916589736938475,77.59380340576172,1,0,0,0,0,0,1,0,0,0,1,0,0,0,0,0,1,0,0,0,0,0,0,0,0,0,0,0,1,0,0,0,0,0,0,0,0,0,1,0,0,0,0,0,1,0,0,5.0,7,2367.22,387.0399999999999,5.14
Breeze Suites,13.163200378417967,77.63312530517578,1,1,0,0,1,1,1,0,1,0,1,0,0,0,1,1,1,1,1,1,1,1,1,0,1,1,1,1,1,0,0,0,0,0,1,1,1,1,1,1,0,0,0,0,1,1,1,4.0,30,1880.48,10.54,4.57
Supreme Boutique Hotel,13.045101165771484,77.52544403076172,1,1,0,0,0,1,1,0,1,1,1,0,1,0,1,1,1,1,1,0,1,1,1,0,0,1,0,1,1,0,0,0,0,0,1,0,0,1,1,0,0,0,0,0,1,1,1,4.5,12,3557.41,91.86000000000001,4.73
Omatra Infantry Road,12.979809761047365,77.60372161865234,1,0,0,0,0,0,1,0,0,0,0,0,0,0,0,0,0,0,0,0,0,0,0,0,0,0,0,1,0,0,0,0,0,0,0,0,0,0,1,0,0,0,0,0,0,0,0,4.0,15,1680.0,500.15000000000003,4.29
Treebo Trend Emora Hotel And Suites Brookfield,12.961819648742676,77.71349334716797,1,1,0,0,0,0,1,0,0,0,0,0,0,0,0,0,1,0,0,0,0,0,0,0,0,0,1,0,0,0,0,0,0,0,1,0,0,0,0,0,0,0,0,0,0,0,0,4.5,7,1890.67,92.28999999999999,4.64
Woke Hostel,12.977910041809082,77.64437103271484,0,0,0,0,0,0,0,0,0,0,1,0,0,0,0,0,0,0,0,0,0,0,0,0,0,0,0,0,0,0,0,0,0,0,0,0,0,0,0,0,0,0,0,0,0,0,0,4.5,11,2147.1,380.03000000000003,4.72
Royal Airavatha Residency,12.922106742858887,77.4952392578125,0,0,0,0,0,0,0,0,0,0,1,0,0,0,1,0,1,0,0,0,0,0,0,0,0,0,0,0,0,0,0,0,0,0,0,0,0,0,1,0,0,0,0,0,0,0,0,4.5,7,3024.0,47.51,4.64
HighSky Whitefield,12.959970474243164,77.7170181274414,1,1,0,0,1,0,1,0,1,0,1,0,0,0,1,1,1,1,0,0,1,1,1,0,0,0,0,1,0,0,1,0,0,0,1,0,0,1,1,0,0,0,0,0,1,1,1,4.5,7,2575.44,79.75,4.64
Treebo Trend Victory Grand,12.78274917602539,77.77262115478516,1,1,0,0,0,1,1,1,0,0,1,0,0,0,1,1,1,0,1,1,0,0,1,0,0,1,1,0,1,0,0,0,0,0,1,0,1,0,1,0,0,0,0,0,1,0,1,4.5,15,2094.4,0.0,4.79
SS Lumina Hotel,12.936345100402832,77.6167221069336,1,1,0,0,0,1,1,1,1,1,1,0,0,0,1,1,1,1,1,1,1,1,1,0,0,1,1,1,1,0,0,0,0,0,1,0,1,1,1,0,0,1,0,0,1,1,0,5.0,36,2408.0,437.03000000000003,5.67
ABM Express Inn,13.001330375671387,77.53018951416016,0,0,0,0,0,0,0,0,0,0,0,0,0,0,0,0,0,0,0,0,0,0,0,0,0,0,0,0,0,0,0,0,0,0,0,0,0,0,0,0,0,0,0,0,0,0,0,4.5,8,2686.88,297.65999999999997,4.66
OYO 9925 The Ocea International,12.97404956817627,77.60771179199219,1,0,0,0,1,1,1,0,0,0,1,0,0,0,1,0,1,1,1,0,0,0,0,0,0,0,0,1,0,0,0,0,0,0,1,1,1,0,1,1,0,0,0,0,0,0,0,3.5,68,7608.12,485.40000000000003,4.69
OYO 432 Hotel Victoria Heights,12.965028762817385,77.61309814453125,1,0,0,0,0,1,0,1,0,0,1,0,0,0,0,0,0,1,0,0,0,0,0,0,0,0,0,0,0,0,0,0,0,0,1,0,0,0,0,0,0,0,0,0,1,0,0,4.5,10,1307.37,491.94,4.7
The Green Tree,13.028396606445312,77.55896759033203,1,0,0,0,0,1,1,1,0,0,1,0,0,0,1,1,1,1,0,0,0,0,0,0,0,0,0,1,0,0,0,0,0,0,0,0,0,1,1,0,0,0,0,0,1,0,0,4.5,10,2318.4,300.4699999999999,4.7
Meenal - A Boutique Hotel,12.968199729919435,77.60066986083984,1,0,0,0,0,0,1,0,0,0,1,0,1,0,1,0,1,0,0,0,0,0,0,0,0,0,0,0,0,0,0,0,0,0,0,0,0,0,1,0,0,0,0,0,0,0,1,3.5,51,1867.42,487.62,4.42
Meenal - A Boutique Hotel,12.968199729919435,77.60066986083984,1,0,0,0,0,0,1,0,0,0,1,0,1,0,1,0,1,0,0,0,0,0,0,0,0,0,0,0,0,0,0,0,0,0,0,0,0,0,1,0,0,0,0,0,0,0,1,3.5,51,1867.42,487.62,4.42
Basant Residency,12.977339744567873,77.57496643066406,1,0,0,0,0,0,1,0,0,0,1,1,0,0,1,0,1,0,0,0,1,1,0,0,0,0,0,1,0,0,0,0,0,0,0,0,0,1,1,0,0,0,0,0,0,0,0,3.5,74,11800.0,448.57,4.78
Wafi Suites,12.941570281982422,77.62309265136719,1,1,1,1,1,1,1,1,1,0,1,0,0,0,1,0,1,1,1,1,0,1,0,0,0,1,1,0,1,0,0,0,0,0,1,1,1,1,1,0,0,1,0,0,1,1,1,4.5,18,4480.0,437.03000000000003,4.85
Young Island Comforts,12.99137020111084,77.59396362304688,1,0,0,0,0,0,1,0,1,0,1,0,1,0,1,1,1,0,0,0,0,1,1,0,0,0,0,1,0,0,0,0,0,0,0,0,0,1,1,0,0,0,0,0,1,1,0,4.0,34,3852.34,468.12000000000006,4.64
Savoury Seashell Residency,13.096460342407227,77.5486831665039,1,0,0,0,0,0,1,0,0,0,1,0,0,0,1,0,1,1,0,0,0,0,0,0,0,0,0,0,1,0,0,0,0,0,1,0,0,0,1,0,0,0,0,0,0,0,1,3.5,35,2802.42,25.439999999999998,4.15
Capital O 10258 Hotel Hibiscus Hebbal,13.049179077148438,77.59734344482422,1,1,0,0,0,1,1,1,0,0,1,0,0,0,1,0,0,0,0,1,0,0,0,0,0,0,1,0,0,0,0,0,0,0,1,0,1,1,1,0,0,0,0,0,0,0,0,4.5,8,1607.76,213.40000000000003,4.66
Akshaya Lakshmi Comfort,12.950776100158693,77.57970428466797,1,1,0,0,0,0,1,0,1,0,1,0,0,0,1,0,0,0,0,0,0,0,0,0,0,0,0,0,1,0,0,0,0,0,1,0,0,1,1,0,0,0,0,0,1,0,0,4.0,16,2688.0,478.3,4.31
OYO 9991 Sai Ram Residency,12.93418025970459,77.47297668457031,1,1,0,0,0,0,1,1,0,1,1,0,0,0,0,0,0,0,0,0,0,0,0,0,0,1,0,0,0,0,1,0,0,0,1,1,1,1,1,1,0,0,0,0,0,0,0,4.0,18,889.74,17.72,4.35
OYO 7898 Hotel Al Fa Inn,12.933444023132324,77.61048126220703,1,0,0,0,0,0,1,0,0,0,1,0,0,0,1,1,1,0,0,0,0,0,0,0,0,1,0,0,1,0,0,0,0,0,1,0,0,0,1,0,0,0,0,0,0,1,1,4.0,10,721.43,446.61,4.2
HHI Select Bengaluru,12.902350425720215,77.63665008544922,1,1,0,0,0,1,0,1,1,1,1,0,1,0,0,0,1,1,1,0,0,1,1,1,0,0,1,0,0,0,1,0,0,0,1,0,1,1,1,0,0,0,0,0,1,0,1,3.5,165,3127.39,139.22,5.92
Hotel Surya Dev Residency,12.978955268859865,77.57483673095703,0,0,0,0,0,0,0,0,0,0,0,0,0,0,0,0,0,0,0,0,0,0,0,0,0,0,0,0,0,0,0,0,0,0,0,0,0,0,0,0,0,0,0,0,0,0,0,5.0,4,2240.0,448.57,5.08
Hotel Nandhana Vista,13.014965057373047,77.63570404052734,1,0,0,0,0,0,1,0,0,0,1,0,0,0,1,1,1,1,0,0,1,1,1,0,0,0,0,0,0,0,0,0,0,0,0,0,0,1,1,0,0,0,0,0,1,1,1,3.5,54,2134.67,353.23999999999995,4.47
SAP Golden Grande,12.847784996032715,77.68260192871094,1,1,0,0,0,1,1,1,0,0,1,0,0,0,1,0,1,1,1,0,0,0,0,0,0,0,0,0,1,0,0,0,0,0,1,1,1,1,1,0,0,0,0,0,0,1,1,4.0,10,1680.0,4.79,4.2
SilicRest Hotel,12.911410331726074,77.52375793457031,1,0,0,0,1,1,1,1,1,0,1,0,0,0,0,0,1,0,1,0,0,1,0,0,0,1,0,1,1,0,1,0,0,0,1,1,0,1,1,1,0,0,0,0,0,0,0,3.5,61,2214.23,134.00999999999996,4.58
Merivian Lets Hotel Kammanahalli,13.015460014343262,77.6359634399414,1,0,0,0,0,0,1,0,0,0,1,0,0,0,0,0,0,1,0,0,0,0,0,0,0,0,0,0,0,0,0,0,0,0,0,0,0,0,1,0,0,1,0,0,1,0,0,4.5,10,1193.28,353.23999999999995,4.7
Ranna Northgate,13.163778305053713,77.6315689086914,1,1,0,0,0,0,1,0,1,0,1,0,0,0,1,1,1,1,1,0,1,1,1,0,0,0,0,1,1,0,0,0,0,0,1,0,0,1,1,0,0,0,0,0,1,1,1,4.0,13,1883.67,10.54,4.25
Sovereign Suites,12.98845386505127,77.5931167602539,1,0,0,0,0,0,1,0,0,0,1,0,1,0,1,0,1,1,0,0,0,0,0,0,0,0,0,0,1,0,0,0,0,0,0,0,0,0,0,0,0,0,0,0,0,0,1,4.5,7,3360.0,475.12000000000006,4.64
Shoba Residency,13.02513313293457,77.63124084472656,1,0,0,0,0,0,1,0,0,0,1,0,0,0,1,1,0,1,0,0,1,1,1,0,0,0,0,0,0,0,0,0,0,0,0,0,0,1,1,0,0,0,0,0,0,0,1,4.0,8,1963.12,345.39,4.16
OYO 10525 Varcity Abra Madiwala,12.921380043029785,77.60553741455078,0,0,0,0,0,0,0,0,0,0,0,0,0,0,0,0,0,0,0,0,0,0,0,0,0,0,0,0,0,0,0,0,0,0,0,0,0,0,0,0,0,0,0,0,0,0,0,5.0,4,825.19,421.94999999999993,5.08
UD Residency,12.936321258544922,77.57685852050781,1,1,0,0,0,1,1,1,1,0,0,0,0,0,1,0,1,1,0,0,0,0,0,0,0,0,0,0,1,0,0,0,0,0,1,0,0,0,0,0,0,0,0,0,0,0,0,4.0,17,1471.81,466.5799999999999,4.33
OYO 533 Hotel Felicity Inn,12.95726490020752,77.64297485351562,1,1,1,0,0,0,1,1,0,1,1,0,0,0,1,1,1,1,0,0,0,0,0,0,0,0,0,0,0,0,0,0,0,0,1,0,0,1,1,0,0,1,0,0,1,0,1,4.0,10,1790.88,406.89,4.2
The Sanctum Suites Whitefield,12.983920097351074,77.72892761230469,1,0,0,0,0,0,1,0,0,0,1,0,0,0,1,1,1,1,1,0,0,0,0,0,0,1,0,1,1,0,0,0,0,0,0,0,0,1,1,0,0,0,0,0,1,1,0,4.5,18,1960.0,57.07,4.85
OYO 4428 Central Platinum Suites,12.908617973327635,77.64350128173828,1,1,0,0,0,1,1,0,0,0,1,0,0,0,0,1,0,0,1,0,0,0,0,0,0,0,1,0,1,0,0,0,0,0,1,0,1,0,1,0,0,0,0,0,1,1,0,4.5,11,1087.36,169.78,4.72
Treebo Trend GRK Comforts,12.91981029510498,77.59237670898438,1,0,0,0,0,0,1,0,0,0,1,0,0,0,1,1,1,0,0,1,0,0,0,0,0,0,0,0,0,0,0,0,0,0,1,0,1,0,1,0,0,0,0,0,0,0,0,4.0,5,1504.16,414.22999999999996,4.1
HighGates Hotel,12.976129531860352,77.60127258300781,1,1,0,0,0,1,1,1,1,0,1,0,0,0,1,1,1,1,1,1,0,0,0,0,0,1,1,1,1,0,0,0,0,0,1,0,1,1,1,0,0,0,0,0,0,1,1,3.5,75,3464.28,484.67,4.8
Wild Valley Adventure Retreat,12.751784324645994,77.52186584472656,0,0,0,0,0,1,1,0,0,0,1,1,0,0,1,1,1,0,1,1,1,1,1,0,0,0,1,0,1,0,0,0,1,0,1,1,1,0,0,0,0,0,0,1,0,1,0,5.0,3,2744.0,5.17,5.06
Parkwood Suites,12.966270446777346,77.71647644042969,1,0,0,0,0,1,1,1,0,0,1,0,0,0,0,0,1,1,0,0,0,0,0,0,0,0,0,0,0,0,0,0,0,0,0,0,0,0,1,0,0,0,0,0,0,0,0,4.0,7,2602.42,79.75,4.14
Parkwood Suites,12.966270446777346,77.71647644042969,1,0,0,0,0,1,1,1,0,0,1,0,0,0,0,0,1,1,0,0,0,0,0,0,0,0,0,0,0,0,0,0,0,0,0,0,0,0,1,0,0,0,0,0,0,0,0,4.0,7,2602.42,79.75,4.14
Hotel Viva,12.928059577941895,77.59420013427734,1,1,0,0,1,1,1,1,0,0,1,0,0,0,1,0,0,1,1,1,0,0,0,0,0,1,1,1,1,0,0,0,0,0,1,1,1,1,1,0,0,0,0,0,0,0,0,4.0,6,1582.42,442.55,4.12
Golden Metro Hotel,12.986557960510256,77.57243347167969,1,1,0,1,0,1,1,1,0,1,1,1,0,0,1,1,1,1,1,1,1,1,1,0,0,1,1,1,1,0,0,0,1,0,1,0,1,1,1,1,0,1,0,0,0,1,1,3.5,16,3710.4,443.16,3.81
Compact Maple Leaf E-City,12.907219886779785,77.63803100585938,0,0,0,0,0,0,1,0,0,0,1,0,0,0,1,0,1,0,0,0,0,0,0,0,0,0,0,0,0,0,0,0,0,0,0,0,0,0,0,0,0,0,0,0,0,0,1,4.0,7,3360.0,181.69,4.14
Hotel Jamayca,13.032919883728027,77.63522338867188,1,1,0,0,0,0,1,0,0,0,1,0,1,0,1,0,1,1,1,0,0,1,0,0,0,1,0,0,1,0,0,0,0,0,1,1,1,1,0,1,0,0,0,0,0,0,1,3.5,31,4439.02,270.09000000000003,4.08
The Verda Prakyathi,13.09691047668457,77.58819580078125,0,1,0,0,1,0,1,0,0,0,1,0,1,0,1,0,1,1,1,1,0,1,0,0,0,1,1,0,1,0,0,0,0,0,1,1,1,1,1,1,0,0,0,0,0,0,0,4.5,13,2824.18,41.32,4.75
Treebo Trip Hotel Worldtree Bellandur,12.969550132751465,77.57965087890625,1,1,0,0,1,1,1,1,0,1,1,0,0,0,0,1,1,0,1,1,0,0,0,0,0,0,1,0,1,0,0,0,0,0,1,0,1,0,1,0,0,0,0,0,0,1,1,3.5,40,2217.48,474.39000000000004,4.24
Roerich Central Suite,12.987879753112793,77.59429168701172,0,0,0,0,0,0,0,0,0,0,0,0,0,0,0,0,0,0,0,0,0,0,0,0,0,0,0,0,0,0,0,0,0,0,0,0,0,0,0,0,0,0,0,0,0,0,0,4.0,8,3700.0,475.12000000000006,4.16
Hotel Empire International,12.976129531860352,77.60127258300781,1,1,0,0,0,0,1,0,0,0,1,0,0,0,0,0,1,1,0,0,0,0,0,0,0,1,0,0,1,0,1,0,0,0,1,0,0,0,1,0,0,0,0,0,0,0,0,3.0,107,1925.62,484.67,4.74
Collection O 30057 Grand Continent JP Nagar,12.91549587249756,77.60028076171875,1,0,0,0,0,1,1,1,0,0,1,0,0,0,1,0,1,0,0,0,1,1,1,0,0,0,0,1,0,0,0,0,0,0,0,0,0,0,1,0,0,0,0,0,1,0,0,3.5,23,1513.07,389.18999999999994,3.94
FabHotel RMS Comforts,13.02929973602295,77.55925750732422,1,0,0,0,0,0,1,0,0,0,0,0,0,0,0,0,0,0,0,0,0,0,0,0,0,0,0,1,0,0,0,0,0,0,0,0,0,0,1,0,0,0,0,0,0,0,0,4.5,3,1292.76,292.7799999999999,4.56
Treebo Trend Mel's Suites,12.96485996246338,77.64311218261719,1,1,0,0,0,1,1,1,0,0,1,0,0,0,1,1,0,0,0,0,1,0,0,0,0,0,1,0,1,0,0,0,0,0,1,0,0,1,1,0,0,0,0,0,0,1,0,3.5,12,2278.89,389.12000000000006,3.73
Orel Inn,12.917403221130373,77.61237335205078,1,1,1,1,1,1,1,1,0,0,1,0,0,0,1,1,1,1,1,1,0,0,0,0,0,0,1,1,1,0,0,0,1,0,1,1,1,1,1,1,0,1,0,0,1,1,1,3.5,18,2128.0,380.8099999999999,3.85
Shrusti Comfort,12.971576690673828,77.57467651367188,1,0,0,0,0,0,1,0,0,0,1,0,0,0,0,0,1,0,1,1,0,0,0,0,0,0,1,0,1,0,0,0,0,0,1,0,0,1,1,0,0,0,0,0,0,0,0,3.5,12,1727.48,450.79999999999995,3.73
Maple Suites,13.030050277709961,77.669677734375,1,0,0,0,0,1,1,1,0,0,1,0,0,0,1,1,1,1,0,0,0,1,1,0,0,0,0,0,0,0,0,0,0,0,0,0,0,1,1,0,0,0,0,0,1,0,1,5.0,3,2016.0,66.87,5.06
Locul.central,12.975650787353516,77.60237121582031,1,1,0,1,0,0,0,0,0,0,1,0,0,0,0,1,0,1,1,1,0,0,0,0,0,1,0,0,1,0,0,0,1,0,0,1,1,0,1,0,0,1,0,0,1,0,0,5.0,2,1512.0,484.67,5.04
FabHotel Capital Residency Brigade Rd,12.969793319702148,77.60660552978516,1,0,0,0,0,0,1,0,0,0,1,0,0,0,1,0,1,1,0,0,0,0,0,0,0,0,0,1,0,0,0,0,0,0,0,0,0,1,1,0,0,0,0,0,1,0,0,3.5,13,2141.05,492.55,3.75
DBrooks Elite Hotel,12.960980415344238,77.71370697021484,1,1,0,0,0,1,1,1,0,1,1,0,0,0,1,1,1,1,1,1,0,0,0,0,0,1,1,1,0,0,0,0,1,0,1,0,1,0,1,1,0,0,0,0,1,1,1,5.0,2,1112.6,92.28999999999999,5.04
Hotel Shabari Gate,12.973932266235352,77.57096099853516,0,0,0,0,0,0,1,0,0,0,0,0,0,0,0,0,0,0,0,0,0,0,0,0,0,0,0,0,0,0,0,0,0,0,0,0,0,1,1,0,0,0,0,0,1,0,0,4.0,6,720.0,444.07,4.12
Hotel Enzo International,13.016240119934082,77.63556671142578,1,0,0,0,0,1,1,1,0,1,1,0,0,0,1,0,1,1,1,0,0,0,0,0,0,1,0,1,0,0,0,0,0,0,1,0,0,1,1,0,0,0,0,0,1,0,0,3.5,40,792.87,353.23999999999995,4.24
Hibernest Indiranagar,13.024459838867188,77.59587860107422,0,0,0,0,0,0,0,0,0,0,0,0,0,0,0,0,0,0,0,0,0,0,0,0,0,0,0,0,0,0,0,0,0,0,0,0,0,0,0,0,0,0,0,0,0,0,0,4.5,3,1472.0,338.3799999999999,4.56
Velvette Hotel,12.92593765258789,77.67732238769531,1,0,0,0,0,1,1,0,0,1,0,1,0,0,1,0,1,1,0,0,0,0,0,0,0,0,0,0,0,0,0,0,0,0,0,0,0,0,0,0,0,1,0,0,1,0,1,5.0,2,3024.0,103.03,5.04
Urban Valley,12.944540023803713,77.57687377929688,1,0,0,0,0,1,0,0,0,0,0,1,0,0,0,0,1,0,0,0,0,0,0,0,0,0,0,0,0,0,0,0,0,0,1,0,0,0,0,0,0,0,0,0,0,0,0,4.0,6,5264.0,479.94,4.12
Octave Hotel & Spa - JP Nagar,12.910901069641113,77.57674407958984,1,0,0,0,0,1,1,0,0,0,1,0,0,0,1,1,1,0,0,0,1,1,1,1,0,0,0,0,0,0,0,0,0,0,0,0,0,0,0,0,0,0,0,0,1,0,0,3.5,23,1456.0,309.03,3.94
Pai Vihar Lodging & Boarding Hotel,12.927410125732422,77.52137756347656,0,0,0,0,0,0,0,0,0,0,0,0,0,0,0,0,0,0,0,0,0,0,0,0,0,0,0,0,0,0,0,0,0,0,0,0,0,0,0,0,0,0,0,0,0,0,0,4.0,6,1713.6,141.36,4.12
Chris Hotel Whitefield,12.97725772857666,77.72486877441406,1,0,0,0,0,0,1,0,1,0,1,1,0,0,1,1,1,1,0,0,1,1,1,1,0,0,0,1,0,0,0,0,0,0,0,0,0,1,1,0,0,0,0,0,1,1,0,3.5,48,4142.88,70.19,4.37
FabHotel Park Inn Indiranagar,12.968954086303713,77.63615417480469,1,1,0,0,0,1,0,0,0,0,1,0,0,0,1,0,0,0,0,0,0,0,0,0,0,1,1,1,1,0,0,0,0,0,1,0,0,1,1,0,0,0,0,0,1,0,0,3.5,33,1365.0,446.5200000000001,4.12
Orange corner,13.163098335266113,77.63319396972656,1,0,0,0,0,0,1,0,0,0,1,0,0,0,1,1,1,1,0,0,0,0,0,0,0,0,0,0,0,0,0,0,0,0,0,0,0,0,0,0,0,0,0,0,1,1,0,4.0,4,1296.22,10.54,4.08
Hotel Anand Regency,12.977020263671875,77.57623291015625,1,1,0,0,0,0,1,1,0,1,0,0,0,0,1,0,0,1,0,0,0,0,0,0,0,0,0,0,0,0,0,0,0,0,1,0,0,1,1,0,0,0,0,0,0,0,0,3.5,9,1309.34,453.79,3.68
OYO 451 Goyal Residency,12.842042922973633,77.66963195800781,1,0,0,0,0,1,0,1,0,0,0,0,0,0,0,0,0,0,0,0,0,0,0,0,0,0,0,1,0,0,0,0,0,0,0,0,0,0,0,0,0,0,0,0,0,0,0,4.5,4,820.76,4.79,4.58
OYO 12083 Hotel Champion Inn,13.030301094055176,77.55982971191406,1,0,0,0,0,0,1,0,0,1,1,0,0,0,1,0,0,0,0,0,0,0,0,0,0,0,0,0,0,0,0,0,0,0,0,0,0,0,0,0,0,0,0,0,0,1,0,5.0,2,820.76,292.7799999999999,5.04
Woodlands,12.964621543884276,77.59546661376953,1,0,0,0,0,1,1,1,0,0,1,0,0,0,1,1,1,1,0,0,1,1,1,0,0,0,0,1,1,0,0,0,0,0,0,0,0,0,1,0,0,0,0,0,1,1,1,3.0,136,2380.82,482.2,5.1
Hotel Vittal's Regency,12.995380401611328,77.58032989501953,0,0,0,0,0,0,0,0,0,0,0,0,0,0,0,0,0,0,0,0,0,0,0,0,0,0,0,0,0,0,0,0,0,0,0,0,0,0,1,0,0,0,0,0,0,0,0,4.0,8,807.5,450.21000000000004,4.16
Stamford Residency,12.885910034179688,77.64981079101562,1,1,0,0,0,1,1,0,0,0,1,0,0,0,1,0,1,1,1,0,0,1,0,0,0,1,0,1,1,0,0,0,0,0,1,0,0,1,1,0,0,0,0,0,0,0,0,4.0,12,6720.0,84.88,4.23
Stayhome Classic,12.890009880065918,77.59992218017578,0,0,0,0,0,0,0,0,0,0,0,0,0,0,0,0,0,0,0,0,0,0,0,0,0,0,0,0,0,0,0,0,0,0,0,0,0,0,0,0,0,0,0,0,0,0,0,5.0,2,796.29,177.33,5.04
Premium Serviced Apartments,12.941550254821776,77.62152862548828,1,1,0,0,0,1,1,0,0,0,1,0,0,0,1,0,0,1,1,1,0,0,0,0,0,1,1,1,1,0,0,0,0,0,0,0,0,1,1,0,0,0,0,0,0,0,0,5.0,3,5544.0,437.03000000000003,5.06
Purple Cloud Downtown,13.014409065246582,77.57395935058594,0,0,0,0,0,0,0,0,0,0,0,0,0,0,0,0,0,0,0,0,0,0,0,0,0,0,0,0,0,0,0,0,0,0,0,0,0,0,0,0,0,0,0,0,0,0,0,4.5,2,1792.0,388.05999999999995,4.54
Balaji Residency,13.021126747131348,77.55630493164062,0,0,0,0,0,0,1,0,0,0,1,0,0,0,1,0,0,1,0,0,0,0,0,0,0,0,0,0,0,0,0,0,0,0,0,0,0,0,0,0,0,0,0,0,0,0,0,4.5,2,3528.0,311.18,4.54
Treebo Trend Seven Olives Hotel Bommanahalli,12.89663028717041,77.62406921386719,1,1,0,0,0,1,1,0,1,0,1,0,0,0,0,1,1,0,1,1,0,0,0,1,0,1,1,0,1,0,1,0,0,0,1,0,1,1,1,0,0,0,0,0,0,0,0,3.5,6,1683.15,177.54000000000002,3.62
Shiva Ganesh Comforts,12.933589935302734,77.51614379882812,0,0,0,0,0,0,0,0,0,0,0,0,0,0,0,0,0,0,0,0,0,0,0,0,0,0,0,0,0,0,0,0,0,0,0,0,0,0,0,0,0,0,0,0,0,0,0,4.0,3,750.6,136.23999999999998,4.06
OYO 10378 Hotel New Golden Key,12.93492031097412,77.615966796875,1,0,0,0,0,0,1,0,0,0,1,0,0,0,0,0,1,0,0,0,0,0,0,0,0,0,0,0,1,0,0,0,0,0,0,0,0,0,0,0,0,0,0,0,0,0,1,3.5,8,911.52,437.03000000000003,3.66
The Park Slope Hotel,12.942560195922852,77.58515167236328,1,1,0,0,0,0,1,0,1,0,1,0,0,0,1,0,1,1,1,0,0,0,0,0,0,0,0,0,1,0,0,0,0,0,1,1,0,0,1,0,0,0,0,0,0,0,0,3.5,18,1420.12,477.59,3.85
Mayflower Bluebell,13.002490043640135,77.66268157958984,1,1,0,0,0,0,1,0,0,0,0,0,0,0,0,0,0,0,0,0,0,0,0,0,0,0,0,0,0,0,0,0,0,0,1,0,0,0,0,0,0,0,0,0,0,0,0,4.5,2,3022.88,244.91,4.54
OYO Townhouse 040 Global Village Tech Park,12.904837608337402,77.50489044189453,0,0,0,0,0,0,0,0,0,0,0,0,0,0,1,0,1,0,0,0,0,0,0,0,0,0,0,0,0,0,0,0,0,0,0,0,0,0,1,0,0,0,0,0,0,0,0,4.5,2,1493.0,69.19,4.54
Lovedale Homestay,12.955452919006348,77.70735931396484,1,1,0,0,0,0,1,0,0,0,0,0,0,0,1,0,0,0,0,0,0,0,0,0,0,0,0,0,0,1,0,0,0,0,0,1,0,0,1,0,0,0,0,0,0,0,0,4.5,2,1668.8,92.28999999999999,4.54
Golden Amulya Rest wings,13.121033668518065,77.6100082397461,1,1,0,0,0,0,0,0,0,0,0,0,0,0,1,0,1,0,0,0,0,0,0,0,0,0,0,0,1,0,0,0,0,0,1,0,0,1,1,1,0,0,0,0,0,0,0,4.5,3,2800.0,14.719999999999999,4.56
OYO 15505 Royal Stay,12.994412422180176,77.69918823242188,0,0,0,0,0,0,1,0,0,0,0,0,0,0,1,0,1,0,0,0,0,0,0,0,0,0,0,0,0,0,0,0,0,0,0,0,0,0,1,0,0,0,0,0,0,0,0,4.0,3,1037.24,88.47999999999999,4.06
Paliam Homestay,13.03827953338623,77.66532897949219,0,0,0,0,0,0,0,0,0,0,1,0,0,0,1,0,0,0,0,0,0,0,0,0,0,0,0,0,0,0,0,0,0,0,0,0,0,0,1,0,0,0,0,0,1,0,0,4.5,2,4480.0,52.42,4.54
Empire Suites,12.969840049743652,77.60652923583984,1,1,0,0,0,0,1,0,1,0,1,1,0,0,1,0,1,1,1,0,0,0,0,0,1,1,0,1,1,0,0,0,0,0,1,0,1,1,1,1,0,0,0,0,0,0,0,3.5,39,2520.97,492.55,4.22
OYO 12965 Archana Comforts,12.957727432250975,77.58244323730469,0,0,0,0,0,0,0,0,0,0,0,0,0,0,0,0,0,0,0,0,0,0,0,0,0,0,0,0,0,0,0,0,0,0,0,0,0,0,0,0,0,0,0,0,0,0,0,4.5,2,721.92,473.16,4.54
Prasidhi Stay Inn Hotel,12.881059646606445,77.58556365966797,1,0,0,0,0,0,1,0,0,0,0,0,0,0,0,0,1,0,0,0,0,0,0,0,0,0,0,0,0,0,0,0,0,0,0,0,0,0,1,0,0,0,0,0,0,0,0,3.5,10,1489.6,176.82000000000002,3.7
iStay Hotels Infantry Road Bengaluru,12.982270240783693,77.59815979003906,1,0,0,0,0,1,1,1,1,0,1,0,0,0,0,0,1,1,1,0,0,1,0,0,1,1,0,1,1,0,0,0,0,0,1,0,0,1,1,1,0,0,0,0,1,0,0,3.0,47,4375.46,495.22,3.86
OYO Townhouse 258 Bellandur,12.92428970336914,77.6668701171875,0,0,0,0,0,0,0,0,0,0,0,0,1,0,0,0,1,0,0,0,0,0,0,0,0,0,0,0,0,0,0,0,0,0,0,0,0,0,0,0,0,0,0,0,0,0,0,5.0,1,1321.0,140.47,5.02
The Royal Comfort,12.92201042175293,77.5702133178711,1,0,0,0,0,0,1,0,1,0,1,0,1,0,1,1,1,1,0,0,1,1,1,0,0,0,0,1,0,0,0,0,0,0,0,0,0,1,1,0,0,0,0,0,1,1,0,4.0,28,3790.74,412.9699999999999,4.53
Classic Richmond,12.96681022644043,77.60118865966797,1,0,0,0,0,0,1,0,0,0,0,0,0,0,0,0,0,0,0,0,0,0,0,0,0,0,0,0,1,0,0,0,0,0,0,0,0,0,1,0,0,0,0,0,0,0,0,4.5,2,2713.81,487.62,4.54
OYO 10293 Rajmahal Comforts,13.037476539611815,77.56574249267578,1,1,0,0,0,0,1,0,0,1,0,0,0,0,1,0,1,1,0,0,0,0,0,0,0,0,0,0,1,0,0,0,0,0,1,0,0,0,1,0,0,0,0,0,0,0,0,4.0,2,1033.56,272.80000000000007,4.04
The Ventura Grand Hotel,13.054191589355467,77.50839233398438,1,1,0,1,1,1,1,1,1,1,1,0,0,0,1,1,1,1,0,1,0,0,0,0,0,1,1,1,1,0,1,0,1,0,1,0,1,1,1,0,0,1,0,0,1,1,1,5.0,1,1976.9,34.730000000000004,5.02
Park Wood Inn Executive Rooms,12.946229934692385,77.59574890136719,0,1,0,0,0,0,0,0,0,0,0,0,0,0,1,0,0,0,0,0,0,0,0,0,0,0,0,0,0,0,1,0,0,0,1,0,0,1,1,1,0,0,0,0,0,0,0,4.0,2,668.25,477.59,4.04
OYO 9682 Hotel Plaza Heights,12.883689880371096,77.65061950683594,1,0,0,0,0,0,0,0,0,0,0,0,0,0,0,0,0,0,0,0,0,0,0,0,0,0,0,0,0,0,0,0,0,0,0,0,0,0,1,0,0,0,0,0,0,0,0,4.5,2,2223.0,84.88,4.54
Hotel Cloud 9 Residency,12.975600242614744,77.63565063476562,1,1,0,0,0,1,1,0,1,0,1,0,0,0,1,0,1,0,1,0,0,0,0,0,0,0,0,0,0,1,0,0,0,0,0,0,0,0,1,0,0,0,0,0,1,0,0,3.5,32,3024.0,432.1400000000001,4.1
Regenta Inn Indiranagar by Royal Orchid Hotels,12.979284286499025,77.63773345947266,0,0,0,0,0,0,0,0,0,0,0,0,0,0,0,0,0,0,0,0,0,0,0,0,0,0,0,0,0,0,0,0,0,0,0,0,0,0,0,0,0,0,0,0,0,0,0,5.0,1,3426.29,424.37,5.02
KSTDC KumaraKrupa Hotel,12.989089965820312,77.5813217163086,0,0,0,0,0,0,0,0,0,0,0,0,0,0,0,0,0,0,0,0,0,0,0,0,0,0,0,0,0,0,0,0,0,0,0,0,0,0,0,0,0,0,0,0,0,0,0,5.0,2,2240.0,457.62,5.04
Kensington Suites,12.966270446777346,77.71647644042969,1,1,0,1,1,1,1,1,0,1,1,1,1,0,1,1,1,1,1,1,1,1,1,1,0,0,1,0,0,0,0,0,1,0,1,1,1,0,1,1,0,1,0,0,1,1,1,5.0,1,1581.82,79.75,5.02
OYO 9151 Hotel Sri Sai Comforts,12.92436981201172,77.57836151123047,1,0,0,0,0,0,1,0,0,0,0,0,0,0,0,0,1,0,0,0,0,0,0,0,0,0,0,0,0,0,0,0,0,0,0,0,0,0,1,0,0,0,0,0,0,0,0,5.0,1,1239.84,443.76,5.02
