Name,Latitude,Longitude,Air conditioning,Housekeeping,Private balcony,Private bathrooms,VIP room facilities,Complimentary toiletries,Room service,Telephone,Minibar,Flatscreen TV,Wifi,Pool,Bar / lounge,Poolside bar,Free parking,Breakfast,Restaurant,Airport transportation,Car hire,Taxi service,Banquet room,Meeting rooms,Conference facilities,Spa,Sauna,Currency exchange,24-hour security,Concierge,Baggage storage,Sun terrace,Shops,Butler service,First aid kit,Infirmary,24-hour front desk,Private check-in / check-out,Express check-in / check-out,Dry cleaning,Laundry service,Shoeshine,Ocean view,City view,Landmark view,Pool view,Non-smoking rooms,Smoking rooms available,Suites,Number of reviews,Rating,Price,Distance Score,Review Score
Roseate House New Delhi,28.55083274841309,77.1205062866211,1,0,0,0,1,0,1,0,1,1,1,1,1,1,1,1,1,1,1,1,1,1,1,1,0,1,1,1,1,0,0,1,0,0,1,1,1,1,1,1,0,0,0,0,1,1,1,"2,262",5.0,4767.67,153.89999999999998,10.0
Hotel Novotel New Delhi Aerocity,28.5533504486084,77.12345886230469,1,1,0,0,1,0,1,0,1,1,1,1,1,0,1,1,1,1,1,1,1,1,1,1,1,1,1,1,1,0,0,1,0,0,1,1,1,1,1,1,0,0,0,0,1,1,1,"2,747",4.5,3080.0,153.89999999999998,9.5
Radisson Blu Plaza Delhi Airport,28.54374122619629,77.11980438232422,1,1,0,1,1,1,1,1,1,1,1,1,1,0,1,1,1,1,1,1,1,1,1,1,1,1,1,1,1,0,1,1,1,0,1,0,1,1,1,1,0,1,0,1,1,1,1,"7,084",4.5,5564.16,140.32999999999998,9.5
Eros Hotel,28.54980087280273,77.2490005493164,1,0,0,0,1,0,1,0,1,1,1,1,1,0,1,1,1,1,1,1,1,1,1,1,0,1,1,1,1,0,1,1,0,0,1,0,0,1,1,1,0,0,0,0,1,1,1,"2,832",4.5,3762.3,387.13,9.5
"Lemon Tree Premier, Delhi Airport",28.552154541015625,77.1207504272461,1,0,0,0,1,0,1,0,1,1,1,1,1,1,1,0,1,1,1,1,1,1,1,1,0,1,1,1,1,0,0,1,0,0,1,0,1,1,1,1,0,0,0,0,1,1,1,"4,074",4.5,4084.41,144.82999999999998,9.5
Ginger East Delhi,28.66583824157715,77.30415344238281,1,1,0,0,0,1,1,1,0,1,1,0,0,0,1,1,1,1,1,0,0,1,1,0,0,1,1,1,1,0,0,0,0,0,1,0,0,1,1,0,0,0,0,0,1,0,1,713,4.5,2115.79,111.07000000000001,9.21
"Taj Palace, New Delhi",28.59536552429199,77.1707534790039,1,1,0,1,1,1,1,1,1,1,1,1,1,1,1,1,1,1,1,1,1,1,1,1,1,1,1,1,1,0,1,1,1,0,1,0,1,1,1,1,0,1,0,1,1,1,1,"4,144",4.5,6384.0,492.17,9.5
Pullman New Delhi Aerocity,28.554304122924805,77.12353515625,1,1,0,0,1,0,1,0,1,1,1,1,0,0,1,1,1,0,1,1,1,1,1,1,1,1,1,1,1,0,0,1,0,0,1,0,1,1,1,1,0,0,0,0,1,1,1,"3,185",5.0,5150.71,144.82999999999998,10.0
The Park New Delhi,28.62877082824707,77.21637725830078,1,1,0,0,1,1,1,1,1,1,1,1,1,1,1,0,1,0,1,1,1,1,1,1,1,1,1,1,1,0,0,0,0,0,1,0,0,1,1,0,0,1,1,1,1,1,1,"4,837",4.0,4444.0,531.7500000000002,9.0
The Muse Sarovar Portico New Delhi Kapashera,28.531139373779297,77.08521270751953,1,0,0,0,1,0,1,0,1,1,1,0,0,0,1,1,1,1,0,1,1,1,1,0,0,1,1,1,0,0,0,1,0,0,1,0,0,1,1,0,0,0,0,0,1,1,1,953,5.0,3081.51,52.32,9.89
The Lodhi,28.59167861938477,77.23812866210938,1,0,1,0,1,0,1,0,1,1,1,1,1,1,1,0,1,1,1,0,1,1,1,1,1,1,1,1,1,0,0,1,0,0,0,0,0,1,1,1,0,0,0,0,1,0,1,985,4.5,16990.94,572.4800000000001,9.4
The Claridges Hotel,28.60069465637207,77.21653747558594,1,1,1,0,1,0,1,0,1,1,1,1,1,0,1,1,1,1,1,1,1,1,1,1,1,1,1,1,1,0,0,1,0,0,1,0,1,1,1,1,0,0,0,0,1,0,1,"4,135",4.5,6048.0,574.0300000000002,9.5
Holiday Inn New Delhi International Airport,28.54995536804199,77.12308502197266,1,1,0,0,1,1,1,1,1,1,1,1,1,0,1,1,1,1,1,1,1,1,1,1,1,1,1,1,1,0,1,0,0,0,1,0,1,1,1,1,0,1,0,0,1,1,1,"3,037",4.5,4131.79,153.89999999999998,9.5
Hilton Garden Inn New Delhi / Saket,28.527971267700195,77.21760559082031,1,0,0,0,1,0,1,0,0,1,1,1,1,0,1,0,1,1,1,1,1,1,1,0,0,0,1,1,1,0,0,0,0,0,1,0,1,1,1,0,0,0,0,0,1,0,1,"2,084",4.5,5263.83,256.65999999999997,9.5
ibis New Delhi Aerocity,28.55136299133301,77.12339782714844,1,1,0,1,0,1,0,1,0,1,1,0,1,0,1,1,1,1,1,1,1,1,1,0,0,1,1,1,1,0,0,0,1,0,1,0,1,1,1,1,0,1,0,1,1,1,0,"2,399",4.0,2216.09,153.89999999999998,9.0
"Red Fox Hotel, Delhi Airport",28.551837921142567,77.12110137939453,1,1,0,0,1,0,1,0,0,1,1,1,1,0,1,0,1,1,1,1,0,1,1,0,0,1,1,1,1,0,0,0,0,0,1,0,1,1,1,1,0,0,0,0,1,1,1,"3,210",4.5,2142.4,144.82999999999998,9.5
The Leela Palace New Delhi,28.57989883422852,77.18975067138672,1,1,0,0,1,0,1,0,1,1,1,1,1,1,1,1,1,0,1,1,1,1,1,1,1,1,1,1,1,0,1,1,1,0,0,1,1,1,1,1,0,0,0,0,1,1,1,"3,779",5.0,17110.0,561.07,10.0
Taurus Sarovar Portico,28.54897499084473,77.1273422241211,1,1,0,1,0,1,1,1,0,1,1,0,0,0,1,1,1,0,1,1,1,1,1,0,0,1,1,1,1,0,0,0,0,0,1,0,1,1,1,0,0,1,0,0,1,0,1,896,4.0,5644.8,160.85,8.86
Park Inn by Radisson New Delhi Lajpat Nagar,28.56375312805176,77.23480987548828,1,1,0,0,0,1,1,1,1,1,1,0,1,0,1,1,1,1,1,1,1,1,1,0,0,1,1,1,1,0,0,0,0,0,1,0,1,1,1,1,0,0,0,0,1,1,1,208,4.0,7139.03,502.23000000000013,6.82
Holiday Inn Express New Delhi International Airport T3,28.56805992126465,77.12139892578125,1,1,0,0,0,0,0,0,0,1,1,0,0,0,0,1,1,0,0,0,0,0,0,0,0,1,1,0,1,0,0,0,0,0,1,0,0,0,0,1,0,0,0,0,1,0,0,789,3.5,10030.0,137.18,8.29
Hotel Delhi Aerocity,28.54206085205078,77.118408203125,1,0,0,0,0,0,1,0,0,1,1,0,0,0,1,0,1,1,1,1,0,0,0,0,0,1,0,0,1,0,0,0,0,0,0,0,0,1,1,0,0,0,0,0,1,0,0,734,4.0,1608.32,140.32999999999998,8.73
Inde Hotel Cyber City,28.49272727966309,77.09071350097656,1,1,0,1,0,1,1,1,1,1,1,0,0,0,1,1,1,1,0,0,1,1,1,0,0,0,0,1,1,0,0,0,1,0,1,0,0,1,1,0,0,1,0,0,1,1,0,63,4.0,3249.5,32.97,5.11
"ITC Maurya, a Luxury Collection Hotel, New Delhi",28.59712791442871,77.17361450195312,0,1,0,0,1,0,0,0,0,1,1,0,0,1,0,1,0,0,1,1,1,1,0,1,1,1,1,1,1,0,1,1,0,0,1,0,1,1,1,1,0,0,0,0,1,1,0,"4,978",4.5,11772.0,482.32,9.5
"Shangri-La's - Eros Hotel, New Delhi",28.620832443237305,77.21797943115234,1,1,0,1,1,1,1,1,1,1,1,1,1,0,1,1,1,1,1,1,1,1,1,1,1,1,1,1,1,0,1,1,0,0,1,0,1,1,1,1,0,1,1,0,1,0,1,"4,443",4.5,8316.0,555.5800000000003,9.5
The Umrao,28.52791404724121,77.10086059570312,1,0,1,0,1,0,1,0,1,1,1,1,1,1,1,1,1,1,1,1,1,1,1,1,1,1,1,1,1,0,0,1,0,0,1,0,0,1,1,0,0,0,0,0,1,0,1,940,4.5,8111.09,59.20000000000001,9.38
Sheraton New Delhi Hotel,28.526691436767567,77.21598815917969,1,1,0,0,1,0,1,0,1,1,1,1,1,0,1,1,1,1,1,1,1,1,1,1,1,1,1,1,1,0,0,1,0,0,1,0,1,1,1,1,0,0,0,0,1,1,1,"2,981",4.5,6720.0,247.15999999999997,9.5
Le Meridien New Delhi,28.61888885498047,77.21807098388672,0,1,0,0,1,0,1,0,0,1,1,1,1,0,1,1,1,1,1,1,1,1,1,1,1,1,1,1,1,0,1,1,0,0,0,0,1,1,1,1,0,0,0,0,1,0,1,"4,583",4.5,5327.38,565.0300000000002,9.5
Crowne Plaza New Delhi Mayur Vihar Noida,28.590341567993164,77.29741668701172,1,1,0,1,1,1,1,0,1,1,1,1,1,0,1,1,1,1,1,1,1,1,1,1,1,1,1,1,1,0,0,0,0,0,1,0,1,1,1,1,0,1,1,1,1,1,0,"1,207",4.5,3998.57,247.91,9.46
Hyatt Regency Delhi,28.56916427612305,77.18533325195312,1,1,0,0,1,1,1,1,1,1,1,1,1,1,0,1,1,1,1,1,1,1,1,1,1,1,1,1,1,1,1,1,0,0,1,0,1,1,1,1,0,0,0,0,1,1,1,"3,747",4.5,5668.65,510.52000000000004,9.5
Maidens Hotel,28.67450523376465,77.22607421875,1,1,0,1,1,1,1,1,1,1,1,1,1,1,1,0,1,1,1,1,1,1,1,0,0,1,1,1,1,0,0,0,1,0,1,0,1,1,1,1,0,0,0,0,1,0,1,"1,619",4.5,4480.0,355.33000000000004,9.49
Hotel Amax Inn,28.64664649963379,77.21329498291016,1,1,0,0,0,0,1,0,0,1,1,0,0,0,0,1,1,1,1,1,0,0,0,0,0,1,1,1,1,0,0,0,0,0,1,0,1,1,1,0,0,0,0,0,1,1,0,"1,096",4.0,715.5,510.13000000000005,8.94
Radisson Blu Hotel New Delhi Paschim Vihar,28.66713905334473,77.09123229980469,1,1,0,0,1,0,1,0,1,1,1,1,1,0,1,0,1,1,1,1,1,1,1,1,0,0,1,1,1,0,1,1,0,0,0,0,1,1,1,0,0,0,0,0,1,1,1,"2,517",4.5,2575.1,51.220000000000006,9.5
"Ambassador, New Delhi - IHCL SeleQtions",28.601520538330078,77.22897338867188,1,1,0,0,1,1,1,0,1,1,1,0,1,0,1,0,1,1,1,1,1,1,1,1,0,1,1,1,1,0,1,0,0,0,1,0,1,1,1,1,0,1,0,0,1,1,1,"1,389",4.0,6158.88,574.0300000000002,8.98
The Suryaa New Delhi,28.56098556518555,77.2682876586914,1,1,0,0,1,1,1,1,0,1,1,1,1,0,1,1,1,1,1,1,1,1,1,1,1,1,1,1,1,0,1,1,1,0,1,0,0,1,1,1,0,0,0,1,1,0,1,"4,082",4.5,5420.8,316.49,9.5
Hotel Ajanta,28.645788192749023,77.21583557128906,1,0,0,0,0,0,1,0,1,1,1,0,0,0,0,0,1,1,1,1,0,0,0,0,0,1,1,1,1,0,0,0,0,0,1,0,0,1,1,0,0,0,0,0,1,0,1,"2,284",4.0,1843.13,514.82,9.0
The Golden Palms Hotel & Spa,28.62903022766113,77.31514739990234,1,0,0,0,0,0,1,0,0,1,1,0,0,0,1,1,1,1,0,0,1,1,1,1,0,0,0,0,0,0,0,0,0,0,0,0,0,1,1,0,0,0,0,0,1,0,0,160,3.5,5039.0,132.31999999999996,5.86
Treebo Tryst Royce,28.55973052978516,77.2730484008789,1,1,0,0,0,1,1,1,0,0,1,0,0,0,1,1,1,0,0,0,0,0,0,0,1,1,0,1,1,0,0,0,0,0,1,0,0,1,0,0,0,0,0,0,0,1,1,103,4.0,1710.06,304.46000000000004,5.69
The Legend Inn,28.55740547180176,77.24027252197266,1,0,0,0,0,0,1,0,0,1,1,0,0,0,1,1,0,1,0,1,1,1,1,0,0,0,1,1,0,0,0,0,0,0,0,0,0,1,1,0,0,0,0,0,1,1,1,341,4.5,3590.55,437.53000000000003,8.22
Sarovar Portico Naraina,28.62598419189453,77.135009765625,1,0,0,0,0,0,1,0,1,1,1,0,0,0,1,1,1,1,0,0,1,1,1,0,0,0,0,0,0,0,0,0,0,0,0,0,0,1,1,0,0,0,0,0,1,0,1,232,4.0,3509.91,185.00000000000003,7.02
Hotel Grand Godwin,28.64589881896973,77.2153091430664,1,0,0,0,0,0,1,0,1,1,1,0,0,0,0,1,1,1,0,1,0,0,0,0,0,0,1,1,0,0,0,0,0,0,1,0,0,1,1,0,0,0,0,0,1,1,0,"1,544",4.0,1795.64,514.82,8.99
Hotel City Star,28.64479637145996,77.21490478515625,1,1,0,0,0,1,1,1,0,1,1,0,0,0,0,0,1,1,1,1,0,0,0,0,0,1,1,1,1,0,0,0,0,0,1,0,1,1,1,0,0,0,0,0,1,1,1,"1,742",4.5,2777.6,523.7500000000001,9.5
Jaypee Siddharth,28.642414093017567,77.17539978027344,1,1,0,0,1,0,1,1,1,1,1,1,1,0,1,1,1,1,1,1,1,1,1,1,1,1,1,1,1,0,0,0,1,0,1,0,1,1,1,1,0,1,0,0,1,0,1,"1,721",4.5,5223.51,464.97,9.49
The Grand New Delhi,28.53906059265137,77.15225982666016,1,0,0,0,1,0,1,0,1,1,1,1,1,0,1,0,1,1,1,1,1,1,1,1,1,1,1,1,0,0,1,1,0,0,0,0,0,1,1,1,0,0,0,0,1,1,1,"2,097",4.0,4467.74,201.85999999999996,9.0
Airport Hotel,28.56544303894043,77.12277221679688,1,1,0,0,0,1,1,1,0,0,0,0,0,0,0,0,1,1,1,1,0,1,0,0,0,1,1,0,1,1,0,0,0,0,1,1,1,0,1,1,0,0,0,0,0,0,0,241,3.0,2241.03,137.18,6.09
OYO 12191 Hotel Airlift,28.56329917907715,77.16414642333984,1,0,0,0,0,0,1,0,0,0,0,0,0,0,1,0,1,1,1,0,0,0,0,0,0,1,0,1,1,0,0,0,0,0,0,0,0,0,1,0,0,0,0,0,0,0,0,9,3.5,526.38,326.26,3.68
Colonel's Retreat,28.56865882873535,77.23319244384766,1,1,0,1,0,1,0,0,0,1,1,0,0,0,1,1,0,1,1,1,0,0,0,0,0,0,1,0,1,1,0,0,0,0,0,0,0,0,1,0,0,1,0,0,1,0,0,928,4.5,1997.91,521.3700000000002,9.38
The Metropolitan Hotel & Spa,28.63116455078125,77.20784759521484,1,1,0,1,1,1,1,1,1,1,1,1,1,0,1,1,1,1,1,1,1,1,1,1,0,1,1,1,1,0,1,0,1,0,1,1,1,1,1,0,0,1,0,1,1,1,1,"2,497",4.0,6720.0,541.0700000000003,9.0
Hotel City Park,28.713830947875977,77.1390609741211,1,0,0,0,0,0,1,0,0,1,0,1,1,0,1,0,1,1,0,0,1,1,1,0,0,0,0,1,0,0,0,0,0,0,0,0,0,1,1,0,0,0,0,0,0,0,1,231,3.5,4371.47,28.080000000000002,6.52
Joey's Hostel,28.62908363342285,77.27445220947266,1,1,0,0,0,1,0,0,0,0,1,0,0,0,0,0,0,0,1,0,0,0,0,0,0,0,0,0,1,0,0,0,0,0,1,1,0,1,1,0,0,0,0,0,1,0,0,197,4.5,1813.49,451.91,7.23
PodStop,28.555137634277344,77.24801635742188,0,0,0,0,0,0,0,0,0,0,1,0,0,0,1,0,0,0,0,0,0,0,0,0,0,0,0,0,0,0,0,0,0,0,0,0,0,0,0,0,0,0,0,0,0,0,0,9,4.0,628.0,387.92999999999995,4.18
Aloft New Delhi Aerocity,28.552452087402344,77.12358856201172,1,0,0,0,0,0,1,0,1,1,1,1,1,0,1,1,1,1,1,1,1,1,1,1,0,1,1,1,1,0,0,0,0,0,1,0,1,1,1,1,0,0,0,0,1,1,0,797,4.5,5088.0,153.89999999999998,9.29
"The Oberoi, New Delhi",28.59640121459961,77.23975372314453,1,1,0,0,1,0,1,0,1,1,1,1,1,0,1,0,1,1,1,1,1,1,1,1,0,1,1,1,1,0,0,1,0,0,1,0,0,1,1,1,0,0,0,0,1,1,1,"2,595",4.5,17700.0,583.1300000000001,9.5
Taj Mahal Hotel,28.60473251342773,77.22358703613281,1,1,0,0,1,0,1,0,1,1,1,1,1,0,1,1,1,1,1,1,1,1,1,1,1,1,1,1,1,0,0,1,0,0,0,0,0,1,1,1,0,0,0,0,1,1,1,"2,708",4.5,10620.0,574.0300000000002,9.5
Crowne Plaza New Delhi Rohini,28.72023963928223,77.1102066040039,1,1,0,0,1,1,1,1,1,1,1,1,1,0,1,1,1,1,1,1,1,1,1,1,1,1,1,1,1,0,1,1,1,0,1,1,0,1,1,1,0,1,0,1,1,1,1,"1,211",4.5,5809.55,24.34,9.46
The Lalit New Delhi,28.631431579589844,77.22715759277344,1,1,0,0,1,0,1,0,1,1,1,1,1,1,1,1,1,1,1,1,1,1,1,1,1,1,1,1,1,0,1,1,0,0,1,0,0,1,1,1,0,0,0,0,1,1,1,"9,056",4.5,8726.92,528.3600000000002,9.5
Fraser Suites New Delhi,28.59417724609375,77.29905700683594,1,0,0,0,0,0,1,0,0,1,1,1,1,0,1,0,1,1,0,0,1,1,1,1,0,1,0,1,1,0,0,0,0,0,0,0,0,1,1,0,0,0,0,0,1,0,1,425,4.0,6492.93,256.52000000000004,8.09
"Four Points by Sheraton New Delhi, Airport Highway",28.528249740600586,77.1001205444336,1,0,0,0,0,0,1,0,1,1,1,1,1,0,0,1,1,1,1,1,1,1,1,0,0,1,0,1,1,0,0,0,0,0,1,0,0,1,1,0,0,0,0,0,1,0,1,849,4.0,4956.0,59.20000000000001,8.83
The Ashtan Sarovar Portico,28.56288719177246,77.20389556884766,1,1,0,0,0,0,1,0,1,1,1,0,0,0,1,0,1,0,1,1,1,1,1,0,0,1,1,1,0,0,0,0,1,0,1,0,1,1,1,1,0,0,0,0,1,1,0,549,4.0,3672.7,507.4200000000001,8.44
The Muse Sarovar Portico,28.545467376708984,77.2479019165039,1,0,0,0,0,0,1,0,1,1,1,0,0,0,1,1,1,1,0,0,1,1,1,0,0,0,0,1,0,0,0,0,0,0,0,0,0,1,1,0,0,0,0,0,1,1,0,552,4.5,5040.0,353.15000000000003,8.95
Hotel Delhi 55,28.64469337463379,77.2137222290039,1,0,0,0,0,0,1,0,0,1,1,0,1,0,1,1,1,1,0,0,0,1,0,1,0,0,0,1,0,0,0,0,0,0,0,0,0,1,1,0,0,0,0,0,1,1,0,176,4.0,2253.89,523.7500000000001,6.53
Ashok Country Resort,28.525449752807607,77.09342956542969,1,0,0,0,0,0,1,0,1,1,1,1,1,0,1,0,1,1,0,0,1,1,1,0,0,0,0,1,0,0,0,0,0,0,0,0,0,1,1,0,0,0,0,0,1,0,0,431,3.0,1808.8,46.84,7.11
Hotel Prince Palace Deluxe,28.64037704467773,77.21144104003906,1,1,0,0,0,0,1,0,0,1,1,0,0,0,0,1,1,1,1,1,0,0,0,0,0,1,0,1,1,1,1,0,0,0,1,0,1,1,1,1,0,0,0,0,1,1,0,208,4.5,1234.64,538.0300000000002,7.32
Jaypee Vasant Continental,28.55643081665039,77.16417694091797,1,0,1,0,1,0,1,0,1,1,1,1,1,0,1,0,1,1,1,1,1,1,1,1,0,0,1,1,0,0,0,0,0,0,1,0,0,1,1,0,0,0,0,0,1,0,1,"1,065",4.0,5612.32,289.23,8.93
Hotel Swati,28.64716148376465,77.18848419189453,1,1,0,0,0,1,1,1,1,1,1,0,0,0,0,1,1,0,1,1,1,1,1,0,0,1,1,1,1,0,0,0,0,0,1,0,1,1,1,0,0,0,0,0,1,0,0,158,4.0,4507.67,480.36,6.34
Hotel Grand Imperial,28.64580345153809,77.19219970703125,0,1,0,1,0,1,1,1,1,1,1,0,0,0,1,1,1,1,1,1,1,1,1,0,0,1,1,1,1,1,0,0,1,0,1,1,1,1,1,1,0,1,0,0,1,1,1,36,4.0,3507.74,486.47,4.67
The Ashok,28.59695053100586,77.1961898803711,1,0,0,0,1,0,1,0,0,1,1,1,1,0,1,0,1,1,0,0,1,1,1,1,0,0,0,1,0,0,0,0,0,0,0,0,0,1,1,0,0,0,0,0,1,1,1,779,3.0,6931.42,577.8300000000002,7.78
Hotel Palace Heights,28.63387489318848,77.22145080566406,1,1,0,0,0,1,1,1,0,1,1,0,0,0,0,0,1,1,0,1,0,0,0,0,0,1,1,1,1,0,0,0,0,0,1,0,1,1,1,1,0,0,0,0,1,0,0,830,4.5,4021.28,533.2500000000002,9.32
Hotel Divine Paradise,28.57548522949219,77.2640380859375,1,0,0,0,0,0,1,0,1,0,1,0,0,0,1,0,1,0,1,0,0,0,0,0,0,0,0,1,1,0,0,0,0,0,0,0,0,0,1,0,0,0,0,0,0,0,1,26,3.5,2800.0,453.39000000000004,3.99
Hotel Hari Piorko,28.64108467102051,77.21408081054688,1,1,0,0,0,1,1,1,0,1,1,0,0,0,0,0,1,1,1,0,0,0,0,0,0,1,1,1,1,1,0,0,0,0,1,0,0,1,1,0,0,0,0,0,1,0,1,"2,171",4.0,1172.17,533.0700000000003,9.0
Rockland Hotel C R Park,28.54280090332031,77.24285888671875,1,1,0,0,1,0,1,1,1,1,1,1,0,0,1,0,1,1,1,1,1,1,1,0,0,0,0,1,1,0,0,0,1,0,1,0,0,1,1,0,0,0,0,0,1,0,1,347,4.0,3637.5,359.61,7.75
Hotel The Royal Plaza,28.62146377563477,77.21687316894531,1,1,0,1,0,1,1,1,1,1,1,1,1,1,1,0,1,1,1,0,1,1,1,1,1,1,1,1,1,0,0,1,0,0,1,0,1,1,1,1,0,0,0,0,1,1,1,"3,796",4.0,4435.2,553.8500000000003,9.0
Hotel Surya International,28.64816856384277,77.18846893310547,1,1,0,0,0,1,1,1,1,1,1,0,0,0,1,0,1,1,1,1,0,0,0,0,0,0,1,1,0,0,0,0,0,0,1,0,0,1,1,0,0,0,0,0,1,0,1,377,4.0,2688.0,467.51000000000005,7.89
On The House,28.563947677612305,77.19831848144531,1,0,0,0,0,1,0,0,0,1,1,0,0,1,1,0,0,1,1,1,0,0,0,0,0,0,1,0,1,0,0,0,0,0,1,0,0,0,1,0,0,0,0,0,1,0,0,292,4.5,4480.0,506.20000000000005,7.95
Hotel Aman Continental,28.64170837402344,77.21714782714844,1,1,0,0,0,1,1,0,0,1,1,0,1,0,0,0,1,1,1,1,0,0,0,0,0,1,1,1,1,0,0,0,0,0,1,0,0,0,1,0,0,0,0,0,1,0,0,270,4.0,2216.72,523.7500000000001,7.3
Smyle Inn,28.64162826538086,77.21470642089844,1,1,0,1,0,1,0,1,0,1,1,0,0,0,0,1,0,1,1,1,0,0,0,0,0,1,0,0,1,1,0,0,0,0,1,0,1,0,1,0,0,0,0,0,1,0,0,"1,211",4.0,864.0,523.7500000000001,8.96
Hotel Connaught Royale,28.632221221923828,77.22771453857422,1,0,0,0,0,0,1,0,0,0,1,0,0,0,0,1,1,1,0,0,1,1,1,0,0,0,0,1,0,0,0,0,0,0,0,0,0,1,1,0,0,0,0,0,1,0,1,102,4.0,3149.37,528.3600000000002,5.68
Colonels Retreat 2,28.57390022277832,77.23593139648438,1,1,0,1,0,1,1,0,0,0,1,0,0,0,1,1,1,1,0,0,0,0,0,0,0,0,1,0,1,0,0,0,0,0,0,0,0,0,1,0,0,1,0,0,1,0,0,17,5.0,2349.0,545.6000000000004,5.33
OYO 9570 Pulse Impulse BnB,28.5752067565918,77.26219940185547,1,1,0,0,0,1,1,0,0,0,1,0,0,0,1,0,1,0,0,0,0,1,1,0,0,1,1,0,1,0,0,0,0,0,1,0,1,1,1,0,0,0,0,0,0,0,0,64,4.0,1172.6,464.4200000000001,5.13
Trimrooms Palm D'or @ New Delhi Railway Station,28.64449882507324,77.21755981445312,1,0,0,0,0,0,1,0,0,1,1,0,0,0,1,0,1,0,0,0,0,0,0,0,0,0,0,0,0,0,0,0,0,0,0,0,0,1,1,0,0,0,0,0,1,0,0,252,3.5,2910.88,523.7500000000001,6.68
Avalon Courtyard,28.547704696655273,77.12737274169922,1,0,0,0,0,0,1,0,0,1,1,1,1,0,1,0,1,1,0,0,1,1,1,1,0,0,0,1,0,0,0,0,0,0,0,0,0,1,1,0,0,0,0,0,1,0,1,168,4.0,6202.71,160.85,6.45
Classic Diplomat - New Delhi,28.547882080078125,77.12606048583984,1,1,0,1,0,1,1,1,0,1,1,0,1,0,0,1,1,1,1,1,0,1,1,0,0,1,1,1,1,0,0,0,1,0,1,1,1,1,1,1,0,1,0,0,1,1,1,318,3.5,2067.65,160.85,7.1
Hotel Baba Inn,28.64603042602539,77.21283721923828,1,0,0,0,0,1,1,1,1,1,1,0,0,0,0,0,0,1,0,0,0,1,0,0,0,0,0,1,0,0,0,0,0,0,1,0,0,1,1,0,0,0,0,0,1,0,0,26,3.5,1272.47,524.1400000000001,3.99
Hotel Rama Deluxe,28.649860382080078,77.19406127929688,1,0,0,0,0,0,1,0,0,0,1,0,0,0,1,0,0,0,0,0,0,0,0,0,0,0,0,0,0,0,0,0,0,0,0,0,0,0,1,0,0,0,0,0,0,0,1,31,3.5,2129.12,472.16,4.08
Kings Heritage Plaza,28.54015350341797,77.29470825195312,1,0,0,0,0,0,1,0,0,0,1,0,0,0,1,1,0,0,0,0,0,0,0,0,0,1,0,1,1,0,0,0,0,0,0,0,0,0,1,0,0,1,0,0,1,1,1,15,4.0,1680.0,89.34000000000002,4.29
Hotel Regent Intercontinental,28.64846229553223,77.18830871582031,1,0,0,0,0,1,1,1,1,0,1,0,0,0,1,1,1,1,1,1,1,1,1,0,0,1,1,1,1,0,0,0,0,0,1,0,1,1,1,0,0,0,0,0,1,1,1,59,3.5,3004.09,467.51000000000005,4.55
Capital O 41924 Hotel Tashree,28.52953910827637,77.0870132446289,1,1,0,1,0,1,1,0,0,1,1,0,0,0,1,0,1,1,0,1,0,0,0,0,0,0,1,0,0,0,0,0,0,0,1,1,1,0,1,0,0,0,0,0,0,1,1,12,4.5,1512.0,52.32,4.73
A One Rooms by Alsafar India,28.64124298095703,77.21159362792969,0,0,0,0,0,0,0,0,0,0,0,0,0,0,0,0,0,0,0,0,0,0,0,0,0,0,0,0,0,0,0,0,0,0,0,0,0,0,0,0,0,0,0,0,0,0,0,2,5.0,625.79,533.0700000000003,5.04
OYO 542 Hotel Kalkaji Residency,28.540264129638672,77.2613296508789,1,0,0,0,0,0,1,0,0,0,0,0,0,0,1,0,1,1,0,0,0,0,0,0,0,0,0,0,0,0,0,0,0,0,0,0,0,0,0,0,0,0,0,0,0,0,0,3,4.5,1821.02,236.64,4.56
OYO 9233 Hotel Cottage Lord Krishna,28.640869140625,77.21199798583984,1,1,0,0,0,1,1,1,0,0,0,0,0,0,0,0,1,0,1,0,0,0,0,1,0,1,0,0,1,0,1,0,0,0,1,0,0,1,1,1,0,0,0,0,0,0,0,6,4.0,671.22,533.0700000000003,4.12
Eleven,28.5888786315918,77.24890899658203,1,0,0,0,0,1,0,0,0,1,1,0,0,0,0,0,0,1,1,0,0,0,0,0,0,0,0,0,1,0,0,0,0,0,0,0,0,0,1,0,0,0,0,0,1,0,0,649,5.0,7605.0,563.6000000000003,9.63
The Imperial Hotel,28.62554931640625,77.21826171875,1,1,0,0,0,0,1,0,1,1,1,1,1,1,1,0,1,1,1,1,1,1,1,1,1,1,1,1,1,0,1,1,0,0,1,0,0,1,1,1,0,0,0,0,1,1,1,"3,824",4.5,18054.0,531.7500000000002,9.5
Shanti Home,28.623689651489247,77.06880950927734,1,0,1,0,0,0,1,0,0,0,1,0,1,0,0,0,1,1,0,1,0,0,0,0,0,0,0,1,1,0,0,0,0,0,0,0,0,1,1,0,0,0,0,0,1,0,0,"1,301",4.5,5600.0,40.32,9.47
WelcomHeritage Haveli Dharampura,28.65326499938965,77.23231506347656,1,1,0,0,0,1,1,1,1,1,1,0,1,0,0,0,1,1,1,1,0,0,0,0,0,0,1,1,1,1,0,0,0,0,1,0,0,1,1,1,0,0,0,0,1,0,1,395,4.5,16284.0,487.6400000000001,8.47
bloomrooms @ Janpath,28.62232780456543,77.21705627441406,1,0,0,0,0,0,0,0,0,1,1,0,0,0,0,0,1,1,0,1,0,0,0,0,0,1,1,1,1,0,0,0,0,0,0,0,0,1,1,0,0,0,0,0,1,0,1,180,4.5,3252.87,552.9400000000003,7.07
Hotel Sunstar Heritage,28.64520263671875,77.18319702148438,1,0,0,0,0,0,1,0,0,1,1,0,0,0,0,1,1,1,0,1,0,0,1,0,0,1,1,1,1,0,0,0,0,0,0,0,0,1,1,1,0,0,0,0,1,0,1,344,4.5,2576.0,474.94000000000005,8.24
Hotel Emperor Palms,28.6458683013916,77.18800354003906,1,0,0,0,0,0,1,0,0,1,1,0,0,0,1,0,1,1,0,1,1,1,1,0,0,0,0,1,0,0,0,0,0,0,0,0,0,1,1,0,0,0,0,0,1,0,0,493,4.5,2430.4,487.7900000000001,8.8
Suncourt Hotel Yatri,28.644733428955078,77.18404388427734,1,1,0,0,0,1,1,1,1,1,1,0,0,0,1,1,1,1,1,1,0,1,1,0,0,1,1,1,1,0,0,0,1,0,1,0,1,1,1,0,0,0,0,0,1,0,1,940,4.5,1904.0,487.7900000000001,9.38
Hotel Sunstar Grand,28.64624786376953,77.18412017822266,1,1,0,1,0,1,1,1,0,1,1,0,0,0,0,1,1,1,1,1,1,1,0,0,0,1,1,1,1,1,0,0,1,0,1,0,1,1,1,0,0,0,0,0,1,0,0,869,4.5,2128.0,474.94000000000005,9.35
Hotel Sunstar Residency,28.645109176635746,77.1824722290039,1,1,0,0,0,1,1,1,0,1,1,0,0,0,1,0,1,1,1,1,0,0,0,0,0,1,1,1,1,0,1,0,0,0,1,0,1,1,1,0,0,0,0,0,1,0,1,365,4.5,1456.0,474.94000000000005,8.34
The Beaufort Inn,28.5826416015625,77.25115966796875,1,1,0,0,0,0,1,0,0,1,1,0,0,0,0,1,0,1,1,0,1,1,1,0,0,1,0,1,1,0,0,0,0,0,1,0,0,1,1,0,0,0,0,0,1,1,0,188,4.5,3651.2,511.3400000000001,7.14
Hotel Arjun,28.64089584350586,77.21212005615234,0,0,0,0,0,0,1,0,0,1,1,0,0,0,0,1,0,1,1,1,0,0,0,0,0,0,0,1,0,0,0,0,0,0,0,0,0,1,1,0,0,0,0,0,0,0,0,322,4.5,1900.0,533.0700000000003,8.12
The Prime Balaji Deluxe @ New Delhi Railway Station Hotel,28.64529228210449,77.21746826171875,1,0,0,0,0,0,1,0,0,1,1,0,0,0,0,0,1,1,0,1,0,0,0,0,0,0,1,1,0,0,0,0,0,0,1,0,0,1,1,0,0,0,0,0,1,0,0,799,4.0,2099.87,514.82,8.8
Hotel Tara Palace Chandni Chowk,28.65432548522949,77.23448181152344,1,1,0,0,0,0,1,0,0,1,0,0,0,0,0,0,1,1,1,1,0,0,0,0,0,1,1,1,1,0,0,0,0,0,1,0,1,1,1,0,0,0,0,0,1,1,0,542,4.0,2690.24,487.6400000000001,8.43
Taj Princess Hotel,28.64591407775879,77.1888656616211,1,0,0,0,0,0,1,0,0,1,1,0,0,0,0,0,1,1,0,0,0,0,0,0,0,0,0,1,1,0,0,0,0,0,1,0,0,1,1,0,0,0,0,0,1,0,0,299,4.0,5600.0,480.36,7.49
Sri Sai Inn,28.590049743652344,77.25524139404297,1,1,0,0,0,0,1,0,0,0,0,0,0,0,0,0,1,1,1,0,0,1,0,0,0,0,0,0,1,0,0,0,0,0,1,1,0,1,1,0,0,0,0,0,0,0,0,3,4.0,999.0,551.6900000000003,4.06
Red Maple Bed and Breakfast,28.57347679138184,77.21964263916016,1,1,0,1,0,1,1,1,1,1,1,0,0,0,1,1,1,1,1,1,0,0,0,0,0,0,1,0,1,0,0,0,0,0,1,1,1,0,1,0,0,0,0,0,1,0,1,192,4.5,3192.0,549.2400000000002,7.18
OYO 9233 Hotel Cottage Lord Krishna,28.640869140625,77.21199798583984,1,1,0,0,0,1,1,1,0,0,0,0,0,0,0,0,1,0,1,0,0,0,0,1,0,1,0,0,1,0,1,0,0,0,1,0,0,1,1,1,0,0,0,0,0,0,0,6,4.0,671.22,533.0700000000003,4.12
The Hans Hotel,28.62856674194336,77.22554779052734,1,0,0,0,0,0,1,0,0,1,1,0,1,0,1,0,1,1,0,0,1,1,1,0,0,1,1,1,0,0,0,0,0,0,0,0,0,1,1,0,0,0,0,0,1,0,1,851,3.5,4194.86,521.8700000000001,8.33
The Neem,28.54974365234375,77.23268127441406,1,1,1,1,0,1,0,0,1,1,1,0,0,0,1,0,1,1,1,1,0,0,0,0,0,0,1,1,1,0,0,0,1,0,0,1,0,1,1,1,0,0,0,0,1,0,1,63,4.5,3920.0,417.46999999999997,5.61
Hotel Bright,28.633134841918945,77.22282409667969,1,0,0,0,0,1,1,1,1,1,1,0,0,0,0,0,0,1,1,0,0,0,0,0,0,1,0,1,1,0,0,0,0,0,1,0,1,1,1,1,0,0,0,0,1,0,0,394,4.0,3920.0,533.2500000000002,7.97
Hotel All Iz Well,28.641075134277344,77.21401977539062,1,0,0,0,0,0,1,0,0,1,1,0,0,0,0,1,1,1,1,0,0,0,0,0,0,1,1,1,0,0,0,0,0,0,0,0,0,1,1,0,0,0,0,0,1,1,1,339,4.0,1319.68,533.0700000000003,7.71
Hotel Grand Park Inn,28.64696311950684,77.19579315185547,1,0,0,0,0,0,1,0,0,1,1,0,0,0,0,0,1,1,1,0,0,0,0,0,0,1,0,1,1,0,0,0,0,0,1,0,0,1,1,1,0,0,0,0,1,0,0,653,4.0,2788.8,494.38000000000005,8.63
Bajaj Indian Home Stay,28.64485740661621,77.18402862548828,0,1,0,0,0,1,1,1,0,1,1,0,0,0,0,0,1,1,1,1,0,0,0,0,0,1,1,0,1,0,0,0,0,0,1,0,1,1,1,0,0,0,0,0,1,0,0,338,4.5,3500.0,487.7900000000001,8.21
The Visaya,28.54361724853516,77.21099090576172,1,0,0,0,0,0,1,0,0,1,1,0,0,0,1,0,1,1,1,0,0,1,1,0,0,1,1,1,1,1,1,0,0,0,1,0,0,1,1,1,0,0,0,0,1,0,0,547,4.0,7280.0,373.8,8.44
Check In Room Main Bazar,28.658531188964844,77.04307556152344,1,0,0,0,0,1,1,1,0,0,1,0,0,0,0,0,1,1,1,0,0,0,0,0,0,1,0,0,0,0,1,0,0,0,1,0,1,1,1,0,0,0,0,0,1,1,0,119,5.0,2126.88,17.560000000000002,6.89
Hotel Eternity,28.52140998840332,77.214599609375,1,1,0,0,0,1,1,1,1,1,1,0,0,0,1,1,1,1,1,1,1,1,0,0,0,1,1,1,1,0,0,0,0,0,1,0,0,1,1,0,0,0,0,0,1,0,0,149,4.5,2634.51,213.56999999999996,6.74
Hotel Le Roi Delhi,28.644269943237305,77.21060943603516,1,0,0,0,0,0,1,0,0,1,1,0,1,0,1,1,1,1,1,0,0,1,0,0,0,1,0,1,1,1,0,0,0,0,1,0,1,1,1,1,0,0,0,0,0,0,1,865,4.0,2116.73,533.0700000000003,8.84
Hotel Su Shree Continental,28.64454460144043,77.21321105957031,1,1,0,1,1,1,1,1,1,1,1,0,0,0,0,1,1,1,1,1,0,0,0,0,0,1,0,1,1,0,0,0,0,0,1,0,1,1,1,0,0,1,0,0,1,1,0,195,4.0,1290.24,533.0700000000003,6.71
Hotel The Spot,28.641582489013672,77.21419525146484,1,1,0,1,0,1,0,1,0,1,1,0,0,0,0,1,0,1,1,1,0,0,0,0,0,1,1,0,1,0,0,0,1,0,1,1,1,0,1,0,0,1,0,0,1,0,0,345,4.0,973.85,523.7500000000001,7.74
Hotel Gold Souk,28.65732002258301,77.19203186035156,1,1,0,0,0,1,1,1,0,0,1,0,0,0,1,1,1,0,1,1,1,0,0,0,1,1,1,1,1,0,0,0,0,0,1,0,0,1,1,0,0,0,0,0,1,1,0,106,4.5,2594.31,433.92999999999995,6.23
Hotel Cabana,28.64120483398437,77.21149444580078,1,1,0,0,0,1,1,1,0,1,1,0,0,0,0,0,1,1,1,1,0,0,0,0,0,1,1,1,1,0,0,0,0,0,1,0,1,1,1,0,0,0,0,0,1,1,0,308,4.5,2794.4,533.0700000000003,8.04
Hotel Pooja Palace,28.645465850830078,77.18859100341797,1,1,0,0,0,1,1,1,0,1,1,0,0,0,0,0,1,1,1,1,0,1,1,0,0,1,1,0,1,0,0,0,0,0,1,0,1,1,1,0,0,0,0,0,1,1,0,337,4.0,2650.0,480.36,7.7
Treebo Trend Citi International,28.64574432373047,77.19309997558594,1,1,0,0,0,0,1,0,0,1,1,0,0,0,1,1,1,1,1,1,0,1,0,0,1,1,1,0,1,0,0,0,0,0,1,0,0,1,1,1,0,0,0,0,1,1,0,160,4.0,3136.0,486.47,6.36
Ahuja Residency Sunder Nagar,28.60517120361328,77.24072265625,1,1,0,0,0,1,1,1,1,1,1,0,0,0,1,1,1,1,1,1,0,0,0,0,0,0,1,0,1,0,0,0,0,0,1,0,1,1,1,0,0,0,0,0,1,0,0,199,4.0,21089.0,567.1500000000002,6.74
Dewdrop Intercity Hotel,28.64569664001465,77.19021606445312,1,0,0,0,0,0,1,0,1,1,1,0,1,0,0,1,1,1,0,0,1,1,1,0,0,0,0,1,0,0,0,0,0,0,0,0,0,1,1,0,0,0,0,0,1,1,1,319,4.0,2687.32,480.36,7.6
Capital O 312 Hotel Aster Inn,28.646728515625,77.19722747802734,1,0,0,0,0,1,1,1,0,1,1,0,0,0,1,0,1,0,1,0,1,1,1,0,0,1,0,1,1,0,0,0,0,0,1,0,1,1,1,1,0,0,0,0,0,0,0,281,4.0,2752.46,497.7200000000001,7.38
Hotel Clark International,28.64733123779297,77.18846893310547,1,0,0,0,0,0,1,0,0,1,1,0,0,0,1,1,1,1,0,0,0,1,0,0,0,0,0,1,0,0,0,0,0,0,0,0,0,1,1,0,0,0,0,0,1,0,1,246,3.5,6832.0,480.36,6.63
Villa 33,28.54773712158203,77.19863891601562,1,1,0,0,1,0,0,0,0,0,1,0,1,0,1,1,0,1,1,0,0,0,0,0,0,0,0,0,1,1,0,0,0,0,0,1,0,1,1,0,0,0,0,0,1,1,1,58,4.0,3136.0,380.67,5.04
"Ameya Suites, New Delhi",28.540178298950195,77.29330444335938,1,0,0,0,0,0,1,0,1,0,1,0,1,0,1,1,1,1,1,0,1,1,1,0,0,1,0,1,0,0,0,0,0,0,0,0,0,1,1,0,0,0,0,0,1,1,1,73,4.5,3985.91,107.15,5.77
Hotel Singh Empire Dx,28.64443397521973,77.21529388427734,1,0,0,0,0,0,1,0,0,0,1,0,0,0,1,1,1,1,0,1,0,0,0,1,0,0,1,0,0,0,0,0,0,0,0,0,0,1,1,0,0,0,0,0,1,0,1,121,4.0,3717.0,523.7500000000001,5.92
Hotel Saar Inn,28.649150848388672,77.18876647949219,1,0,0,0,0,0,1,0,0,1,1,0,0,0,1,0,1,0,1,0,1,0,1,0,0,1,0,1,1,0,0,0,0,0,1,0,0,0,1,1,0,0,0,0,0,0,1,152,4.0,4443.77,467.51000000000005,6.28
Hotel Regent Grand,28.643104553222656,77.1729965209961,1,0,0,0,0,1,1,1,1,1,1,0,0,0,1,1,1,1,1,1,1,1,1,0,0,1,1,1,1,0,0,0,0,0,1,0,1,1,1,0,0,0,0,0,1,1,0,239,4.0,5166.01,464.97,7.08
Almondz Hotel,28.64393615722656,77.17243194580078,1,0,0,0,0,1,1,0,0,1,1,0,0,0,1,0,1,0,0,0,0,0,0,0,0,0,0,0,1,0,0,0,0,0,1,0,0,0,1,0,0,0,0,0,1,0,1,307,3.5,3080.0,443.64000000000004,7.04
Jyoti Mahal,28.64187431335449,77.21173858642578,1,0,0,0,0,0,1,0,0,0,1,0,0,0,0,1,1,1,0,1,0,0,0,0,0,0,0,1,0,0,0,0,0,0,0,0,0,0,1,0,0,0,0,0,1,0,0,511,3.5,3004.09,533.0700000000003,7.85
Saket 27,28.51944351196289,77.21550750732422,1,0,0,0,0,1,1,1,1,1,1,0,0,0,1,0,1,0,1,0,0,1,0,0,0,1,0,1,1,0,0,0,0,0,1,0,1,1,1,1,0,0,0,0,1,0,0,82,4.0,3920.0,204.84999999999997,5.4
Capital O 1206 Hotel Silver Stone,28.6457633972168,77.18622589111328,1,0,0,0,0,0,1,0,1,1,1,0,0,0,1,1,0,1,0,0,0,0,0,0,0,0,0,1,0,0,0,0,0,0,0,0,0,1,1,0,0,0,0,0,1,1,1,65,4.0,3136.0,487.7900000000001,5.14
Hotel Aura,28.64602851867676,77.21468353271484,1,0,0,0,0,0,1,0,0,1,1,0,0,0,0,0,1,1,0,1,0,0,0,0,0,0,0,1,0,0,0,0,0,0,0,0,0,1,1,0,0,0,0,0,1,0,1,515,3.5,3105.76,514.82,7.86
J P Hotel & Resort,28.62948608398437,77.31512451171875,1,0,0,0,0,0,1,0,0,1,1,0,1,0,1,0,1,1,0,0,0,1,0,0,0,0,0,0,0,0,0,0,0,0,0,0,0,1,1,0,0,0,0,0,0,0,0,156,4.0,4835.3,132.31999999999996,6.32
Inn Tawang,28.64459228515625,77.18407440185547,1,0,0,0,0,0,1,0,0,1,1,1,0,0,1,0,1,1,0,0,0,0,0,0,0,0,0,0,0,0,0,0,0,0,0,0,0,0,1,0,0,0,0,0,0,0,0,140,4.0,2518.99,487.7900000000001,6.14
Hotel Aman International,28.641401290893555,77.21592712402344,1,0,0,0,0,0,1,0,0,1,1,0,0,0,1,0,1,1,0,0,0,0,1,0,0,0,0,1,0,0,0,0,0,0,0,0,0,1,1,0,0,0,0,0,1,1,0,149,4.0,1792.0,523.7500000000001,6.24
Check In Room R K Ashram,28.704059600830078,77.10249328613281,0,0,0,0,0,0,1,0,0,0,1,0,0,0,1,0,1,1,0,0,0,0,0,0,0,0,0,0,0,0,0,0,0,0,0,0,0,0,0,0,0,0,0,0,0,0,0,23,5.0,2599.0,31.77,5.44
The Allure - A Boutique Hotel,28.54837989807129,77.24183654785156,1,1,0,0,0,0,1,0,1,1,1,0,0,0,1,0,1,1,1,0,1,1,1,0,0,0,1,0,1,0,0,0,0,0,1,0,0,1,1,0,0,0,0,0,1,0,0,152,4.0,3248.0,394.01,6.28
Hotel Sita International,28.645397186279297,77.21233367919922,1,1,0,0,0,1,1,1,0,1,1,0,0,0,1,0,0,1,1,1,0,0,0,0,0,1,1,1,1,0,0,0,0,0,1,0,1,1,1,0,0,0,0,0,1,0,0,153,4.0,1680.0,524.1400000000001,6.29
Hotel Palm Greens,28.522218704223643,77.21539306640625,1,0,0,0,0,1,1,1,1,0,1,0,0,0,1,0,1,0,1,0,1,1,0,0,0,1,0,0,1,0,0,0,0,0,1,0,0,1,1,0,0,0,0,0,0,0,0,29,4.0,3598.56,218.94999999999996,4.55
Hotel Tashkent Palace,28.643537521362305,77.21174621582031,1,1,0,0,0,0,1,0,0,0,1,0,0,0,0,1,1,1,1,1,0,0,0,0,0,1,1,0,1,0,0,0,0,0,1,0,0,0,1,0,0,0,0,0,1,0,1,94,4.0,1799.99,533.0700000000003,5.57
Alpina Hotels & Suites,28.53610038757324,77.23857116699219,1,0,0,0,0,0,1,0,1,0,1,0,0,0,1,0,1,1,0,0,0,1,0,0,0,0,0,1,0,0,0,0,0,0,0,0,0,1,1,0,0,0,0,0,1,0,1,120,4.0,7056.0,290.86,5.91
Hotel Le Seasons,28.54628944396973,77.1256332397461,1,0,0,0,0,0,1,0,0,1,1,0,0,0,1,0,1,1,0,0,1,1,1,0,0,0,0,1,0,0,0,0,0,0,0,0,0,1,1,0,0,0,0,0,1,1,1,268,3.5,4292.0,160.85,6.79
Indus Biznotel,28.66653060913086,77.30912780761719,1,1,0,0,0,1,1,1,1,1,1,0,0,0,1,0,1,0,1,0,0,1,0,0,0,1,0,1,1,1,0,0,0,0,1,0,0,1,1,1,0,0,0,0,1,0,0,62,4.0,6014.85,96.95,5.1
Hotel Glow Inn,28.642147064208984,77.21492004394531,1,0,0,0,0,0,1,0,0,1,1,0,0,0,0,0,0,1,0,0,0,0,0,0,0,0,0,0,0,0,0,0,0,0,0,0,0,0,1,0,0,0,0,0,1,1,1,81,4.0,799.2,523.7500000000001,5.38
TG Tashkent Hotel,28.643611907958984,77.21126556396484,1,0,0,0,0,0,1,0,0,0,1,0,0,0,0,1,1,1,0,0,0,0,0,0,0,0,0,1,0,0,0,0,0,0,0,0,0,0,1,0,0,0,0,0,1,1,1,72,4.0,1678.88,533.0700000000003,5.25
SABS Homestay,28.52227783203125,77.214599609375,0,1,0,0,0,1,1,0,0,1,1,0,0,0,1,0,0,0,1,1,0,0,0,1,0,0,0,0,1,0,0,0,0,0,0,0,0,1,1,1,0,0,0,0,1,0,1,24,5.0,3920.0,218.94999999999996,5.46
Hotel Ivory 32,28.548200607299805,77.23855590820312,1,0,0,0,0,0,1,0,0,0,1,0,0,0,1,0,1,0,0,0,1,0,1,0,0,1,0,0,0,0,0,0,0,0,0,0,0,1,1,0,0,0,0,0,1,0,0,101,4.0,3080.0,393.58,5.66
Treebo Trend AND,28.50891494750977,77.16480255126953,1,0,0,0,0,0,1,0,0,0,1,0,0,0,1,0,1,0,0,0,0,0,0,0,0,0,0,0,0,0,0,0,0,0,0,0,0,0,1,0,0,0,0,0,0,0,0,18,4.5,2776.55,127.11000000000001,4.85
Capital O 467 Hotel Livasa Inn,28.64593505859375,77.18321228027344,1,1,0,0,0,0,1,1,0,1,1,0,0,0,1,1,0,1,1,1,0,0,0,0,0,0,1,0,0,0,0,0,1,0,1,0,1,1,1,0,0,1,0,0,1,1,1,97,3.5,1578.03,474.94000000000005,5.11
Kuldeep Friends Hostel,28.64059257507324,77.21304321289062,0,0,0,0,0,0,0,0,0,0,1,0,0,0,0,0,0,1,0,0,0,0,0,0,0,0,0,0,0,0,0,0,0,0,0,0,0,0,1,0,0,0,0,0,0,0,0,68,4.0,720.0,538.0300000000002,5.19
Hotel Pitrashish Premium,28.658849716186523,77.19104766845703,1,0,0,0,0,1,1,1,1,0,1,0,0,0,1,0,1,1,1,0,0,1,0,0,0,0,0,1,1,0,0,0,0,0,1,0,1,1,1,1,0,0,0,0,1,0,0,40,4.5,1846.06,433.92999999999995,5.24
Kaisons Inn,28.54701995849609,77.28765106201172,0,1,0,0,0,0,1,0,0,0,1,0,0,0,1,0,1,1,0,0,0,0,0,0,0,0,0,0,0,0,0,0,0,0,0,0,0,0,1,0,0,0,0,0,0,0,1,18,4.5,5600.0,133.13,4.85
Comfort BnB,28.57194709777832,77.22109985351562,1,1,0,0,0,0,1,0,0,0,1,0,0,0,1,1,0,1,1,1,0,0,0,0,0,0,1,0,1,1,0,0,0,0,1,0,0,1,1,1,0,0,0,0,1,1,0,23,4.5,2576.0,549.2400000000002,4.94
"Emblem Hotel, New Friends Colony",28.57486724853516,77.26423645019531,1,0,0,0,0,1,1,1,1,1,1,0,0,0,1,1,1,1,1,0,0,1,1,0,0,0,0,1,1,0,0,0,0,0,1,0,1,1,1,0,0,0,0,0,1,1,0,156,4.0,1611.9,448.95000000000005,6.32
FabHotel Marble Arch Karol Bagh,28.64529037475586,77.19587707519531,1,0,0,0,0,0,0,0,0,0,1,0,0,0,0,0,1,0,1,0,0,1,0,0,0,1,0,1,1,0,0,0,0,0,1,0,0,1,1,1,0,0,0,0,0,0,0,57,4.0,1963.92,497.7200000000001,5.02
Capital O 2242 Hotel Yuvraj Deluxe,28.64583778381348,77.21566009521484,1,0,0,0,0,0,1,0,0,0,1,0,0,0,0,0,1,1,1,0,0,0,0,0,0,1,0,1,1,0,0,0,0,0,1,0,0,0,1,0,0,0,0,0,1,0,0,34,4.0,1847.38,514.82,4.64
Mehra Residency at the Airport,28.58646011352539,77.06520080566406,1,0,0,0,0,0,1,0,0,0,1,0,0,0,1,0,0,1,1,0,0,0,0,0,0,1,0,1,1,0,1,0,0,0,1,0,1,1,1,0,0,0,0,0,0,0,1,98,4.0,2430.94,46.839999999999996,5.62
The R Blues Hotel,28.5498046875,77.12840270996094,1,1,0,0,0,0,1,0,0,1,1,0,0,0,1,1,1,1,1,0,0,0,0,0,0,1,0,0,0,0,0,0,0,0,1,0,0,1,1,0,0,0,0,0,1,1,1,53,4.0,4032.0,160.85,4.96
Hotel Swaran Palace,28.646148681640625,77.18866729736328,1,1,0,0,0,1,1,1,1,0,1,0,0,0,0,1,0,1,1,1,0,0,0,0,0,1,1,1,1,0,1,0,0,0,1,0,1,1,1,0,0,0,0,0,1,0,1,109,3.5,2772.0,480.36,5.27
Hotel Kama Palace,28.645530700683594,77.18399047851562,0,0,0,0,0,0,1,0,0,0,1,0,0,0,1,0,1,1,0,0,0,0,0,0,0,0,0,0,0,0,0,0,0,0,0,0,0,0,0,0,0,0,0,0,1,1,1,9,5.0,1680.0,474.94000000000005,5.18
FabHotel Prime Shervani,28.605527877807607,77.24170684814453,1,1,0,0,0,0,1,0,0,1,1,0,0,0,1,0,1,0,1,0,0,0,0,0,0,1,0,0,1,0,0,0,0,0,1,0,0,1,1,1,0,0,0,0,1,0,0,173,3.5,2525.47,567.1500000000002,6.0
FabHotel White Klove Paharganj,28.641300201416016,77.21185302734375,1,0,0,0,0,0,1,0,0,1,0,0,0,0,1,0,1,1,0,0,1,1,0,1,0,0,0,0,0,0,0,0,0,0,0,0,0,1,1,0,0,0,0,0,1,0,1,424,3.5,1533.84,533.0700000000003,7.58
Trendy Bed and Breakfast,28.58363914489746,77.25133514404297,1,1,0,1,0,1,1,0,1,1,1,0,0,0,1,1,0,0,1,1,0,0,0,0,0,1,0,0,1,0,0,0,1,0,1,1,1,1,1,0,0,1,0,0,1,1,0,37,4.0,2972.42,511.3400000000001,4.69
Orania B&B,28.55349159240723,77.2044677734375,1,0,0,0,0,0,1,0,1,0,1,0,1,0,1,1,1,1,1,0,0,0,1,0,0,0,0,1,1,0,0,0,0,0,0,0,0,1,1,0,0,0,0,0,1,0,0,20,4.5,2324.91,426.86,4.88
JRD Exotica,28.566909790039066,77.19950103759766,1,0,0,0,0,0,1,0,0,0,1,0,0,0,1,0,1,1,0,0,0,1,0,0,0,0,0,0,0,0,0,0,0,0,1,0,0,1,1,0,0,0,0,0,0,0,1,92,4.0,7056.0,511.94000000000005,5.54
Hotel Ritz,28.64530944824219,77.21688079833984,1,1,0,1,0,1,1,1,0,1,1,0,0,0,1,0,0,1,0,0,0,0,0,0,0,1,1,1,1,0,0,0,0,0,1,0,0,1,1,1,0,0,0,0,1,0,0,24,4.0,1532.72,514.82,4.46
Madhuban Hotel,0.0,0.0,1,0,0,0,0,0,1,0,0,1,1,0,0,0,1,0,1,1,0,0,0,1,0,0,0,0,0,0,0,0,0,0,0,0,0,0,0,1,1,0,0,0,0,0,0,0,1,163,3.5,3920.0,0.0,5.89
Rainbow Residency,28.62697029113769,77.19410705566406,1,0,0,0,0,0,1,0,0,0,1,0,0,0,1,0,0,1,0,0,0,0,0,0,0,0,0,0,0,0,0,0,0,0,0,0,0,0,1,0,0,0,0,0,1,0,1,27,4.0,4480.0,538.4500000000002,4.51
Hotel Aiwan-e-Shahi,28.65157890319824,77.23300170898438,1,0,0,0,0,0,1,0,1,0,1,0,0,0,1,1,1,1,0,0,0,0,0,0,0,0,0,0,0,0,0,0,0,0,0,0,0,1,1,0,0,0,0,0,1,1,0,41,4.0,2034.31,487.6400000000001,4.76
Hotel Tourist Deluxe,28.648061752319336,77.21737670898438,1,0,0,0,0,0,1,0,1,1,1,0,0,0,1,1,1,1,0,0,0,1,1,0,0,0,0,0,0,0,0,0,0,0,0,0,0,1,1,0,0,0,0,0,1,0,1,123,4.0,2145.38,506.62000000000006,5.94
JRD Pride,28.58232879638672,77.25138092041016,1,0,0,0,0,0,1,0,0,0,0,0,0,0,1,0,1,1,0,0,0,0,0,0,0,1,0,1,1,0,0,0,0,0,0,0,0,0,1,0,0,0,0,0,0,0,0,16,4.0,2643.2,511.3400000000001,4.31
Hotel Bellvue,28.565200805664066,77.23979949951172,1,1,0,0,0,1,1,0,1,0,1,0,0,0,1,0,1,1,1,1,0,0,0,0,0,0,1,0,1,0,0,0,0,0,1,0,0,1,1,0,0,0,0,0,1,0,1,51,4.0,3498.88,497.2500000000001,4.92
OYO 696 Hotel Euro Star International,28.546594619750977,77.12629699707031,1,0,0,0,0,0,1,0,0,1,1,0,0,0,1,0,0,1,1,0,0,1,0,0,0,1,0,1,1,1,0,0,0,0,1,1,1,1,1,1,0,0,0,0,0,0,1,224,3.5,1802.42,160.85,6.46
Mapple Express,28.55290222167969,77.24472045898438,1,0,0,0,0,1,1,0,1,0,1,0,0,0,0,0,1,1,0,0,0,1,1,0,0,0,0,1,0,0,0,0,0,0,1,0,0,1,1,0,0,0,0,0,0,0,0,72,3.5,3089.91,399.78999999999996,4.75
Prem Sagar Guest House,28.63218116760254,77.2162857055664,1,0,0,0,0,0,0,0,0,0,0,0,0,0,1,0,0,1,1,0,0,0,0,0,0,0,0,1,1,0,0,0,0,0,1,0,0,1,0,0,0,0,0,0,0,0,0,73,3.5,3920.0,538.7400000000002,4.77
The Athena Hotel,28.57172203063965,77.26611328125,1,0,0,0,0,0,1,0,0,0,1,0,0,0,1,0,0,1,0,0,1,0,0,0,0,0,0,1,0,0,0,0,0,0,0,0,0,1,1,0,0,0,0,0,1,0,1,76,4.0,2142.61,409.03,5.31
Anila Boutique Hotel,28.626708984375,77.13575744628906,1,1,0,0,0,1,1,1,1,1,1,0,0,0,1,0,1,1,1,1,0,1,0,1,1,1,1,1,1,0,0,0,1,0,1,0,0,1,1,0,0,0,0,0,1,0,1,119,3.5,3808.0,185.00000000000003,5.39
Satvik by Chhabra Farms,28.539979934692386,77.0828628540039,1,1,0,1,0,1,1,1,1,1,1,1,1,0,1,1,1,1,1,0,1,1,1,1,1,0,1,1,1,0,0,0,0,0,1,0,1,1,1,0,0,0,0,0,1,0,1,61,3.5,2697.44,52.32,4.58
The Grand Uddhav,28.640249252319336,77.21309661865234,1,0,0,0,0,0,1,0,0,0,1,0,0,0,1,0,0,1,0,0,0,0,1,0,0,0,0,0,1,0,0,0,0,0,0,0,0,0,1,0,0,0,0,0,1,1,1,23,4.0,4895.35,538.0300000000002,4.44
Mapple Emerald,28.52194976806641,77.09959411621094,1,0,0,0,0,0,1,0,0,1,1,0,1,0,1,0,1,0,0,0,1,1,1,0,0,0,0,0,0,0,0,0,0,0,0,0,0,1,1,0,0,0,0,0,1,0,1,175,3.5,5189.91,46.84,6.02
Woodapple Residency,28.646005630493164,77.30070495605469,1,0,0,0,0,1,1,0,1,0,1,0,0,0,1,1,1,1,0,1,1,1,1,0,0,0,1,1,1,0,0,0,0,0,1,0,0,1,1,0,0,0,0,0,1,0,1,38,4.5,3233.73,240.32,5.21
Hotel Shubham Vilas,28.65070724487305,77.11970520019531,1,0,0,0,0,0,1,0,1,0,1,0,0,0,0,0,1,0,0,0,0,0,0,0,0,0,0,0,0,0,0,0,0,0,0,0,0,0,1,0,0,0,0,0,0,0,0,18,4.5,1867.71,57.87,4.85
Hotel Mid Town,28.65069580078125,77.19290161132812,1,1,0,0,0,0,1,0,0,0,1,0,0,0,0,1,1,1,1,1,1,0,1,0,0,1,1,1,1,0,1,0,0,0,1,0,0,1,1,0,0,0,0,0,1,1,0,24,4.0,1678.88,459.31,4.46
Aamantran By Sampari Hospitality,28.54796028137207,77.12615966796875,1,0,0,0,0,0,1,0,0,0,1,0,0,0,1,1,0,1,0,0,0,1,1,1,0,0,0,1,0,0,0,0,0,0,0,0,0,0,1,0,0,0,0,0,1,1,1,7,5.0,1342.88,160.85,5.14
Clarks Inn Suites Kapashera,28.53018951416016,77.08657836914062,1,1,0,0,0,1,1,1,1,0,1,0,1,0,1,1,1,1,1,0,1,1,1,0,0,1,0,1,0,0,0,0,0,0,1,0,0,1,1,0,0,0,0,0,0,0,0,20,4.0,4686.58,52.32,4.38
Apartment 52,28.629779815673828,77.21620178222656,0,0,0,0,0,0,1,0,0,0,1,0,0,0,0,0,0,0,0,0,0,0,0,0,0,0,0,0,0,0,0,0,0,0,0,0,0,0,1,0,0,0,0,0,1,0,0,65,4.0,23600.0,531.7500000000002,5.14
Hotel Tourist Lodge,28.64607048034668,77.21452331542969,1,0,0,0,0,0,1,0,0,0,1,0,0,0,0,0,1,1,0,0,0,0,0,0,0,0,0,0,0,0,0,0,0,0,0,0,0,1,1,0,0,0,0,0,1,0,0,34,4.0,4256.0,514.82,4.64
Hotel Grand President,28.645305633544922,77.18912506103516,1,1,0,0,0,0,1,0,0,1,0,0,0,0,0,0,1,1,1,1,0,0,0,0,0,1,1,0,1,0,0,0,0,0,1,0,0,0,1,0,0,0,0,0,1,1,1,74,3.5,2017.19,480.36,4.78
Hotel Raj,28.64597511291504,77.21451568603516,1,0,0,0,0,0,1,0,1,1,1,0,1,0,0,1,1,1,1,0,0,0,1,0,0,0,0,0,0,0,0,0,0,0,0,0,0,1,1,0,0,0,0,0,1,1,0,365,3.5,1892.8,514.82,7.34
Hotel Aira Xing,28.645998001098643,77.2092514038086,1,1,0,0,0,0,1,1,0,0,1,0,0,0,1,0,0,1,1,1,0,0,0,0,0,1,1,1,1,0,0,0,0,0,1,0,1,1,1,1,0,0,0,0,1,0,0,72,4.0,750.0,519.4500000000002,5.25
Evergreen Delhi - Bed & Breakfast,28.576276779174805,77.2325439453125,1,1,0,0,0,0,1,0,1,0,1,0,0,0,1,1,1,1,0,0,0,0,0,0,0,1,0,0,1,0,0,0,0,0,1,0,0,1,1,0,0,0,0,0,1,0,1,29,4.5,2053.91,540.8600000000002,5.05
La Residenza,28.544191360473643,77.23882293701172,1,1,1,1,1,1,1,1,0,1,1,0,0,0,1,1,1,1,1,1,0,1,1,0,0,0,1,1,1,0,0,0,0,0,1,0,1,1,1,0,0,0,0,0,0,0,1,16,4.0,2464.0,397.71999999999997,4.31
OYO 5943 TJS Grand,28.64665985107422,77.19398498535156,1,1,0,0,0,0,1,0,0,0,1,0,0,0,1,1,1,1,1,1,0,1,0,0,0,1,1,0,1,0,1,0,0,0,1,0,1,1,1,0,0,0,0,0,0,0,1,46,3.5,821.01,486.47,4.34
OYO 39645 Maheshwari Residency,28.69240951538086,77.18270111083984,0,0,0,0,0,0,0,0,0,0,0,0,0,0,0,0,0,0,0,0,0,0,0,0,0,0,0,0,0,0,0,0,0,0,0,0,0,0,0,0,0,0,0,0,0,0,0,8,4.5,1062.96,202.30999999999997,4.66
The Hermitage Hotel (By Cosy Hotels),28.559776306152344,77.2569808959961,1,0,0,0,0,0,1,0,1,0,1,0,0,0,1,0,0,0,0,0,0,0,0,0,0,0,0,1,0,0,0,0,0,0,0,0,0,0,1,0,0,0,0,0,1,0,1,18,4.0,3712.21,358.74,4.35
Hotel Private Affair (A Boutique Hotel),28.54875183105469,77.23657989501953,1,1,0,1,0,1,1,1,0,1,1,0,0,0,1,1,0,1,1,1,1,1,1,0,0,1,1,1,1,0,1,0,1,0,1,1,0,1,1,1,0,1,1,0,1,1,0,107,3.5,3837.83,411.74999999999994,5.24
Hotel Golden Wings,28.64211082458496,77.21739959716797,1,1,0,0,0,1,1,0,0,0,1,0,0,0,0,0,0,1,1,0,0,0,0,0,0,0,0,1,1,0,0,0,0,0,1,0,1,1,1,0,0,0,0,0,0,0,0,60,3.5,975.0,523.7500000000001,4.57
JR Residency,28.562389373779297,77.19042205810547,0,0,0,0,0,0,1,0,0,0,1,0,0,0,0,0,0,1,0,0,0,0,0,0,0,0,0,0,0,0,0,0,0,0,0,0,0,0,1,0,0,0,0,0,0,0,0,6,5.0,3584.0,478.76000000000005,5.12
Aashianaa Gracious Living,28.53976058959961,77.2413101196289,1,1,0,0,0,1,1,0,0,0,1,0,1,0,1,0,0,1,0,1,0,0,0,0,0,1,0,0,0,0,0,0,0,0,0,0,1,1,1,0,0,0,0,0,0,0,0,16,4.0,2846.48,313.43000000000006,4.31
Yes Boss By Backpackers Heaven,28.64153480529785,77.21432495117188,1,1,0,1,0,1,1,1,0,1,1,0,0,0,0,0,0,1,0,0,0,0,0,0,0,1,1,0,0,0,0,0,0,0,1,0,0,1,1,0,0,0,0,0,1,0,0,15,3.5,600.0,523.7500000000001,3.79
Runway Residency,28.582969665527344,77.06233978271484,1,1,0,0,0,0,1,0,0,0,0,0,0,0,0,0,0,0,0,0,0,0,0,0,0,1,0,0,0,0,0,0,0,0,1,1,1,1,1,0,0,0,0,0,0,0,0,6,5.0,2586.42,46.839999999999996,5.12
FabHotel Aashraye,28.54704475402832,77.25897216796875,1,1,0,0,0,0,1,0,0,0,1,0,0,0,1,1,0,0,0,0,0,0,1,0,0,0,0,1,1,0,0,0,0,0,1,0,0,0,1,0,0,0,0,0,1,0,0,46,4.0,2119.15,328.13000000000005,4.84
Airport Hotel Delhi Aerocity,28.54002952575684,77.11715698242188,1,0,0,0,0,0,1,0,1,0,1,0,0,0,1,1,1,1,0,0,0,0,0,0,0,0,0,1,0,0,0,0,0,0,0,0,0,0,1,0,0,0,0,0,1,0,0,13,4.0,1795.5,140.32999999999998,4.25
OYO 7634 Hotel Delhi Continental,28.64676284790039,77.21245574951172,1,0,0,0,0,0,1,0,0,0,0,0,0,0,0,0,1,1,0,0,0,0,0,0,0,0,0,0,0,0,0,0,0,0,0,0,0,0,1,0,0,0,0,0,1,0,0,16,4.0,1372.27,519.4500000000002,4.31
Beacon Hotel - Nirman Vihar New Delhi,28.61986923217773,77.28589630126953,1,0,0,0,0,0,1,0,1,0,1,0,0,0,1,1,1,1,0,0,0,0,0,0,0,1,0,1,1,0,0,0,0,0,0,0,0,1,1,0,0,0,0,0,1,0,0,6,5.0,3106.71,416.3,5.12
Hotel Indo Continental,28.64539909362793,77.21349334716797,1,0,0,0,0,0,1,0,0,0,1,0,0,0,1,0,1,1,0,0,0,0,0,0,0,0,0,0,0,0,0,0,0,0,0,0,0,1,1,0,0,0,0,0,0,1,0,40,4.0,1999.99,514.82,4.74
Hotel Star View,28.640869140625,77.21199798583984,1,0,0,0,0,0,1,0,0,0,1,0,1,0,0,0,1,0,0,0,0,0,0,0,0,1,0,1,1,0,0,0,0,0,1,0,0,0,1,0,0,0,0,0,0,0,1,48,3.5,1600.93,533.0700000000003,4.37
Sonu Guest House,28.641420364379893,77.21601867675781,1,1,0,0,0,0,0,0,0,0,1,0,0,0,1,0,0,1,1,0,0,0,0,0,0,1,0,1,1,0,1,0,0,0,1,0,0,0,1,1,0,0,0,0,1,0,0,48,4.0,974.25,523.7500000000001,4.87
Hotel Shreeram Deluxe,28.646278381347656,77.21379089355469,1,0,0,0,0,0,1,1,0,0,1,0,0,0,1,0,0,1,0,0,0,0,0,0,0,0,0,1,0,0,0,0,0,0,0,0,0,1,1,0,0,0,0,0,1,1,0,23,4.0,500.0,514.82,4.44
Hotel Good Times,28.645227432250977,77.19296264648438,1,1,0,0,0,0,1,1,0,1,1,0,0,0,0,0,1,0,0,1,0,1,0,0,0,1,1,0,1,0,0,0,0,0,1,1,0,0,1,0,0,0,0,0,0,0,0,220,3.0,2790.49,486.47,5.93
The Sunder,28.647632598876953,77.2099380493164,1,1,0,0,0,1,1,1,0,0,1,0,0,0,1,1,1,1,1,1,0,0,0,0,0,1,0,1,1,0,0,0,0,0,1,0,1,1,1,1,0,0,0,0,1,1,1,103,3.5,1371.26,519.4500000000002,5.19
OYO 14710 Hotel Pallvi Palace,28.645204544067386,77.2171859741211,1,0,0,0,0,0,1,0,0,0,1,0,0,0,1,0,0,1,0,0,0,0,0,0,0,1,0,0,1,0,0,0,0,0,1,0,0,0,1,0,0,0,0,0,1,0,0,79,3.5,821.01,514.82,4.85
Secludecity - Safdarjung Enclave,28.566875457763672,77.19871520996094,1,1,0,0,0,1,0,1,0,0,1,0,0,0,0,0,0,0,1,1,0,0,0,0,0,0,0,0,1,0,0,0,0,0,0,0,0,0,1,0,0,0,0,0,1,0,0,7,5.0,11469.6,511.94000000000005,5.14
East End Retreat,28.639440536499023,77.03904724121094,0,1,0,0,0,1,1,0,0,0,1,0,0,0,1,0,0,1,1,0,0,0,0,0,0,1,0,0,1,0,0,0,0,0,0,1,0,0,1,0,0,0,0,0,0,0,1,11,4.5,2910.88,17.560000000000002,4.72
FabHotel Star Delhi Airport,28.55032539367676,77.12886047363281,1,0,0,0,0,0,1,0,0,1,1,0,0,0,1,0,0,1,0,0,0,0,0,0,0,0,0,0,0,0,0,0,0,0,0,0,0,0,1,0,0,0,0,0,0,0,1,143,3.5,1857.14,169.77999999999997,5.68
Apartment 52,28.629779815673828,77.21620178222656,0,0,0,0,0,0,1,0,0,0,1,0,0,0,0,0,0,0,0,0,0,0,0,0,0,0,0,0,0,0,0,0,0,0,0,0,0,0,1,0,0,0,0,0,1,0,0,65,4.0,23600.0,531.7500000000002,5.14
Hotel d'Presidente,28.63305473327637,77.09043884277344,1,0,0,0,0,0,1,0,1,0,1,0,0,0,1,0,0,1,1,0,0,0,0,0,0,1,0,1,1,1,0,0,0,0,1,0,0,0,1,0,0,0,0,0,1,0,1,37,4.0,2703.51,37.39,4.69
Hotel Swati Deluxe,28.649860382080078,77.19406127929688,1,0,0,0,0,0,1,0,1,1,1,1,0,0,1,1,1,1,0,0,1,1,1,1,0,1,0,1,1,0,0,0,0,0,0,0,0,1,1,0,0,0,0,0,1,0,1,191,3.5,2750.01,472.16,6.17
Hotel Florence,28.65201568603516,77.19183349609375,1,0,0,0,0,0,1,0,0,1,1,0,0,0,0,0,1,1,1,0,0,0,0,0,0,1,0,0,0,0,0,0,0,0,1,0,0,1,1,0,0,0,0,0,1,0,0,423,4.0,3156.88,459.31,8.08
Hotel Diplomat,28.60066032409668,77.1780776977539,1,0,0,0,0,1,1,1,1,1,1,0,1,0,1,0,1,1,1,0,0,1,1,0,0,1,0,1,1,0,0,0,0,0,1,0,1,1,1,0,0,0,0,0,1,0,1,128,3.5,3930.41,531.1700000000001,5.5
Raj Mahal Inn,28.64224624633789,77.21478271484375,1,0,0,0,0,1,1,1,0,0,1,0,0,0,1,0,0,1,1,0,0,0,0,0,0,0,0,1,1,1,0,0,0,0,1,0,0,1,1,0,0,0,0,0,0,0,0,54,3.5,962.24,523.7500000000001,4.47
Destiny House,28.54306221008301,77.25558471679688,1,0,0,0,0,0,1,0,0,0,1,0,0,0,1,1,0,0,0,0,0,0,0,0,0,0,0,0,0,0,0,0,0,0,0,0,0,0,0,0,0,0,0,0,0,0,1,7,4.5,2016.0,304.48,4.64
Hotel Good Palace,28.646751403808594,77.18925476074219,1,0,0,0,0,0,1,0,0,1,1,0,0,0,0,0,1,1,0,0,0,0,0,0,0,0,0,0,0,0,0,0,0,0,0,0,0,0,1,0,0,0,0,0,1,0,0,195,3.5,1713.6,480.36,6.21
Amara Hotel,28.5483512878418,77.2384262084961,1,0,0,0,0,0,1,0,0,0,1,0,0,0,1,0,1,0,0,0,1,1,1,0,0,0,0,1,0,0,0,0,0,0,0,0,0,1,1,0,0,0,0,0,1,0,0,102,3.5,5842.71,393.58,5.18
Sargam Residency,28.57801055908203,77.04922485351562,1,0,0,0,0,1,1,0,0,0,1,0,0,0,1,0,0,1,0,0,0,0,0,0,0,0,0,0,0,0,0,0,0,0,1,0,0,0,1,0,0,0,0,0,0,0,0,6,4.5,1456.0,39.410000000000004,4.62
OYO Premium Anand Vihar,28.64611625671387,77.3009262084961,0,0,0,0,0,0,0,0,0,0,1,0,0,0,1,0,0,0,0,0,0,0,0,0,0,0,0,0,0,0,0,0,0,0,0,0,0,0,0,0,0,0,0,0,0,0,0,10,4.5,2322.11,229.10999999999999,4.7
Gokul Residency,28.58568382263184,77.06985473632812,1,0,0,0,1,0,1,0,1,0,1,0,1,0,1,0,1,0,1,0,0,1,0,0,0,1,0,0,1,0,1,0,0,0,1,0,1,1,0,0,0,0,0,0,0,0,1,31,4.0,1567.71,56.16,4.58
Hotel Chanchal Deluxe,28.64603042602539,77.21283721923828,1,0,0,0,0,0,1,0,0,0,1,0,0,0,0,0,1,0,1,0,0,0,0,0,0,1,0,1,1,0,0,0,0,0,1,0,0,0,1,1,0,0,0,0,1,0,0,75,3.5,941.29,524.1400000000001,4.8
Hotel Shanti Palace (Patel Nagar),28.653120040893555,77.1556167602539,1,0,0,0,0,0,1,0,0,0,1,0,1,0,0,0,1,1,1,0,0,1,0,0,0,1,0,1,1,0,1,0,0,0,1,0,1,1,1,1,0,0,0,0,1,0,0,26,3.5,2358.07,281.17,3.99
Sundeep Inn,28.57486915588379,77.15947723388672,1,0,0,0,0,0,1,0,0,0,1,0,1,0,1,0,0,0,0,0,0,0,0,0,0,0,0,1,0,0,0,0,0,0,0,0,0,1,1,0,0,0,0,0,0,0,0,19,3.5,2374.54,351.55999999999995,3.87
OYO 23677 Hotel Marina,28.62067031860352,77.32227325439453,0,0,0,0,0,0,0,0,0,0,0,0,0,0,0,0,0,0,0,0,0,0,0,0,0,0,0,0,0,0,0,0,0,0,0,0,0,0,0,0,0,0,0,0,0,0,0,8,4.5,794.87,104.66999999999999,4.66
FabHotel Divine Inn Hotel,28.574079513549805,77.26457214355469,0,1,0,0,0,0,1,1,1,0,1,0,0,0,1,0,1,1,1,1,0,1,0,0,0,1,1,0,0,0,0,0,0,0,1,0,1,1,1,0,0,0,0,0,1,0,0,12,4.0,3360.0,448.95000000000005,4.23
OYO 5387 Hotel Arihant Inn,28.64524078369141,77.18312072753906,1,0,0,0,0,0,1,0,1,0,1,0,0,0,1,0,1,1,1,0,1,0,1,0,0,1,0,1,1,0,0,0,0,0,0,0,0,1,1,0,0,0,0,0,1,0,1,43,3.5,1792.0,474.94000000000005,4.29
Hotel Chanchal Continental,28.64574432373047,77.21593475341797,1,0,0,0,0,1,1,1,1,0,1,0,0,0,0,0,0,0,1,0,0,0,0,0,0,1,0,1,1,0,0,0,0,0,1,0,1,1,1,0,0,0,0,0,0,0,1,99,3.5,941.29,514.82,5.13
Sydney Grand Hotel & Resort,28.85814094543457,77.1244125366211,1,0,0,0,0,1,1,1,0,1,1,1,0,0,1,0,1,0,0,0,0,1,0,0,0,0,0,0,0,0,0,0,0,0,1,0,0,0,1,0,0,0,0,0,0,0,1,15,3.5,5100.0,0.0,3.79
Golden Palm Suites,28.595111846923828,77.04141235351562,1,1,0,0,0,1,1,1,1,0,1,0,1,0,1,1,0,0,1,0,1,1,1,0,0,0,1,1,1,0,0,0,0,0,1,1,1,1,1,1,0,0,0,0,0,0,0,10,4.0,2412.31,29.85,4.2
Hotel North Avenue by Spree,28.68274116516113,77.20577239990234,1,1,0,0,0,1,1,1,1,0,1,0,0,0,1,0,1,1,1,1,0,0,1,0,0,1,1,1,1,0,0,0,0,0,1,0,1,1,1,0,0,0,0,0,1,1,0,17,4.0,3876.16,294.10999999999996,4.33
Hotel Raj Palace,28.54606056213379,77.12615203857422,0,0,0,0,0,0,0,0,0,0,0,0,0,0,0,0,0,0,0,0,0,0,0,0,0,0,0,0,0,0,0,0,0,0,0,0,0,0,1,0,0,0,0,0,0,0,0,5,4.5,1461.6,160.85,4.6
Hotel Le Cadre,28.55520248413086,77.24244689941406,1,1,0,1,1,1,1,1,1,1,1,0,1,0,1,1,1,1,1,0,1,1,1,0,0,0,1,1,1,0,1,0,0,0,1,1,1,1,1,0,0,1,0,0,1,1,1,50,3.5,3024.0,427.6,4.41
Hotel Atithi Palace,28.64370346069336,77.24127197265625,1,0,0,0,0,1,1,1,0,0,1,0,0,0,1,0,1,1,0,0,0,0,0,0,0,0,0,0,0,0,0,0,0,0,0,0,0,1,1,0,0,0,0,0,0,0,0,21,3.5,2772.0,487.6400000000001,3.9
Hotel Alka Classic,28.63240051269531,77.21626281738281,1,1,0,0,0,0,1,1,1,1,0,0,1,0,0,1,1,1,1,1,0,1,0,0,0,1,1,1,1,0,0,0,0,0,1,0,0,1,1,0,0,0,0,0,0,0,0,166,3.0,5096.63,538.7400000000002,5.43
OYO 1172 Hotel Swiss International,28.64317512512207,77.17514038085938,0,0,0,0,0,0,1,0,0,0,0,0,0,0,1,0,1,0,0,0,0,0,0,0,0,0,0,0,0,0,0,0,0,0,0,0,0,0,0,0,0,0,0,0,0,0,0,7,4.5,1083.81,464.97,4.64
OYO 23368 Boutique Hotel Paragon,28.55051231384277,77.13135528564453,0,0,0,0,0,0,0,0,0,0,0,0,0,0,1,0,1,0,0,0,0,0,0,0,0,0,0,0,0,0,0,0,0,0,0,0,0,0,0,0,0,0,0,0,0,0,0,3,5.0,911.78,169.77999999999997,5.06
Amidst Monuments and Serenity,28.589439392089844,77.25617980957031,1,1,0,0,0,1,1,0,1,0,1,0,0,0,1,0,0,0,0,0,0,0,0,0,0,0,0,0,1,0,0,0,0,0,0,0,0,1,1,1,0,0,0,0,0,0,0,5,4.5,4928.0,551.6900000000003,4.6
Hotel Green Palace,28.64011001586914,77.2930679321289,1,0,0,0,0,0,1,0,0,0,0,0,0,0,1,0,0,1,1,0,0,0,0,0,0,1,0,0,1,0,0,0,0,0,0,0,0,0,1,0,0,0,0,0,0,0,0,4,4.5,1927.8,325.98,4.58
Hotel Green Lotus,28.531686782836914,77.08137512207031,1,1,0,0,1,0,1,0,1,0,1,0,0,0,1,1,1,1,1,1,0,1,1,0,0,1,1,0,1,0,0,0,0,0,1,0,1,1,1,0,0,0,0,0,1,1,1,53,3.5,2274.4,52.32,4.46
Hotel Maan K,0.0,0.0,1,0,0,0,0,0,1,0,1,0,1,0,1,0,0,0,1,1,0,0,0,0,0,0,0,0,0,1,0,0,0,0,0,0,0,0,0,1,1,0,0,0,0,0,1,0,0,37,3.5,5024.7,0.0,4.19
OYO 2984 Hotel Sun City,28.646039962768555,77.18553924560547,1,0,0,0,0,0,1,0,0,0,1,0,1,0,1,0,1,0,1,0,1,1,0,0,0,1,0,0,1,0,0,0,0,0,0,0,0,1,1,0,0,0,0,0,1,1,0,203,3.5,4167.54,480.12000000000006,6.28
OYO 9149 Hotel Delhi Aerocity Inn,28.54621696472168,77.123779296875,1,0,0,0,0,0,1,0,0,0,1,0,0,0,1,0,1,1,0,0,0,0,0,0,0,0,0,0,0,0,0,0,0,0,0,0,0,0,1,0,0,0,0,0,0,0,1,39,3.5,1208.31,153.89999999999998,4.22
OYO 12982 Hotel Oris International,28.54628944396973,77.1256332397461,1,1,0,0,0,1,1,0,0,1,0,0,0,0,0,0,1,1,1,1,0,0,0,0,0,1,1,0,1,0,1,0,0,0,1,0,1,0,1,0,0,0,0,0,0,0,0,143,3.5,1930.05,160.85,5.68
Indira Hotel,28.52939796447754,77.15191650390625,0,0,0,0,0,0,1,0,0,0,1,0,0,0,0,0,1,0,0,0,0,0,0,0,0,0,0,0,0,0,0,0,0,0,0,0,0,0,0,0,0,0,0,0,0,0,0,4,4.5,3472.0,187.54999999999995,4.58
OYO Premium GK 1,28.55080795288086,77.24539184570312,0,0,0,0,0,0,0,0,0,0,1,0,0,0,1,0,0,0,0,0,0,0,0,0,0,0,0,0,0,0,0,0,0,0,0,0,0,0,0,0,0,0,0,0,0,0,0,5,5.0,4200.0,394.01,5.1
Dee Marks Hotel & Resorts,28.53508949279785,77.11331176757812,1,0,0,0,0,0,1,0,0,1,1,1,1,0,1,0,1,1,0,0,1,1,1,1,0,0,0,1,0,0,0,0,0,0,0,0,0,1,1,0,0,0,0,0,1,0,1,127,3.0,3303.89,111.61000000000001,4.99
OYO 4258 Hari's Court Inns & Hotels,28.56555557250977,77.2436752319336,1,0,0,0,0,1,1,0,1,0,1,0,0,0,1,0,1,1,0,0,0,0,0,0,0,0,0,0,0,0,0,0,0,0,0,0,0,1,1,0,0,0,0,0,0,1,1,60,3.5,4983.01,497.2500000000001,4.57
OYO 6124 Lord Krishna Dx Inn,28.640981674194336,77.21380615234375,1,1,0,0,0,1,0,1,0,1,1,0,0,0,0,0,1,1,1,1,0,0,0,1,0,1,1,0,1,0,1,0,0,0,1,0,1,1,1,0,0,0,0,0,0,0,0,31,3.5,1904.0,533.0700000000003,4.08
"Hotel Kundan Palace, Jasola",28.54473114013672,77.29117584228516,1,1,0,0,1,1,1,1,1,0,1,0,0,0,1,1,1,1,1,0,0,1,0,0,0,1,0,1,1,1,0,0,0,0,1,1,1,1,1,0,0,0,0,0,1,0,0,18,3.5,799.0,124.62,3.85
Colonel's Retreat,28.56865882873535,77.23319244384766,1,1,0,1,0,1,0,0,0,1,1,0,0,0,1,1,0,1,1,1,0,0,0,0,0,0,1,0,1,1,0,0,0,0,0,0,0,0,1,0,0,1,0,0,1,0,0,928,4.5,1997.91,521.3700000000002,9.38
Radisson Blu Plaza Delhi Airport,28.54374122619629,77.11980438232422,1,1,0,1,1,1,1,1,1,1,1,1,1,0,1,1,1,1,1,1,1,1,1,1,1,1,1,1,1,0,1,1,1,0,1,0,1,1,1,1,0,1,0,1,1,1,1,"7,084",4.5,5564.16,140.32999999999998,9.5
The Neem,28.54974365234375,77.23268127441406,1,1,1,1,0,1,0,0,1,1,1,0,0,0,1,0,1,1,1,1,0,0,0,0,0,0,1,1,1,0,0,0,1,0,0,1,0,1,1,1,0,0,0,0,1,0,1,63,4.5,3920.0,417.46999999999997,5.61
Capital O 41924 Hotel Tashree,28.52953910827637,77.0870132446289,1,1,0,1,0,1,1,0,0,1,1,0,0,0,1,0,1,1,0,1,0,0,0,0,0,0,1,0,0,0,0,0,0,0,1,1,1,0,1,0,0,0,0,0,0,1,1,12,4.5,1512.0,52.32,4.73
Colonels Retreat 2,28.57390022277832,77.23593139648438,1,1,0,1,0,1,1,0,0,0,1,0,0,0,1,1,1,1,0,0,0,0,0,0,0,0,1,0,1,0,0,0,0,0,0,0,0,0,1,0,0,1,0,0,1,0,0,17,5.0,2349.0,545.6000000000004,5.33
Radisson Blu Plaza Delhi Airport,28.54374122619629,77.11980438232422,1,1,0,1,1,1,1,1,1,1,1,1,1,0,1,1,1,1,1,1,1,1,1,1,1,1,1,1,1,0,1,1,1,0,1,0,1,1,1,1,0,1,0,1,1,1,1,"7,084",4.5,5564.16,140.32999999999998,9.5
The Neem,28.54974365234375,77.23268127441406,1,1,1,1,0,1,0,0,1,1,1,0,0,0,1,0,1,1,1,1,0,0,0,0,0,0,1,1,1,0,0,0,1,0,0,1,0,1,1,1,0,0,0,0,1,0,1,63,4.5,3920.0,417.46999999999997,5.61
Capital O 41924 Hotel Tashree,28.52953910827637,77.0870132446289,1,1,0,1,0,1,1,0,0,1,1,0,0,0,1,0,1,1,0,1,0,0,0,0,0,0,1,0,0,0,0,0,0,0,1,1,1,0,1,0,0,0,0,0,0,1,1,12,4.5,1512.0,52.32,4.73
Radisson Blu Plaza Delhi Airport,28.54374122619629,77.11980438232422,1,1,0,1,1,1,1,1,1,1,1,1,1,0,1,1,1,1,1,1,1,1,1,1,1,1,1,1,1,0,1,1,1,0,1,0,1,1,1,1,0,1,0,1,1,1,1,"7,084",4.5,5564.16,140.32999999999998,9.5
Colonel's Retreat,28.56865882873535,77.23319244384766,1,1,0,1,0,1,0,0,0,1,1,0,0,0,1,1,0,1,1,1,0,0,0,0,0,0,1,0,1,1,0,0,0,0,0,0,0,0,1,0,0,1,0,0,1,0,0,928,4.5,1997.91,521.3700000000002,9.38
Colonels Retreat 2,28.57390022277832,77.23593139648438,1,1,0,1,0,1,1,0,0,0,1,0,0,0,1,1,1,1,0,0,0,0,0,0,0,0,1,0,1,0,0,0,0,0,0,0,0,0,1,0,0,1,0,0,1,0,0,17,5.0,2349.0,545.6000000000004,5.33
The Neem,28.54974365234375,77.23268127441406,1,1,1,1,0,1,0,0,1,1,1,0,0,0,1,0,1,1,1,1,0,0,0,0,0,0,1,1,1,0,0,0,1,0,0,1,0,1,1,1,0,0,0,0,1,0,1,63,4.5,3920.0,417.46999999999997,5.61
Hotel Grand Imperial,28.64580345153809,77.19219970703125,0,1,0,1,0,1,1,1,1,1,1,0,0,0,1,1,1,1,1,1,1,1,1,0,0,1,1,1,1,1,0,0,1,0,1,1,1,1,1,1,0,1,0,0,1,1,1,36,4.0,3507.74,486.47,4.67
Colonel's Retreat,28.56865882873535,77.23319244384766,1,1,0,1,0,1,0,0,0,1,1,0,0,0,1,1,0,1,1,1,0,0,0,0,0,0,1,0,1,1,0,0,0,0,0,0,0,0,1,0,0,1,0,0,1,0,0,928,4.5,1997.91,521.3700000000002,9.38
Colonels Retreat 2,28.57390022277832,77.23593139648438,1,1,0,1,0,1,1,0,0,0,1,0,0,0,1,1,1,1,0,0,0,0,0,0,0,0,1,0,1,0,0,0,0,0,0,0,0,0,1,0,0,1,0,0,1,0,0,17,5.0,2349.0,545.6000000000004,5.33
Radisson Blu Plaza Delhi Airport,28.54374122619629,77.11980438232422,1,1,0,1,1,1,1,1,1,1,1,1,1,0,1,1,1,1,1,1,1,1,1,1,1,1,1,1,1,0,1,1,1,0,1,0,1,1,1,1,0,1,0,1,1,1,1,"7,084",4.5,5564.16,140.32999999999998,9.5
The Neem,28.54974365234375,77.23268127441406,1,1,1,1,0,1,0,0,1,1,1,0,0,0,1,0,1,1,1,1,0,0,0,0,0,0,1,1,1,0,0,0,1,0,0,1,0,1,1,1,0,0,0,0,1,0,1,63,4.5,3920.0,417.46999999999997,5.61
Capital O 41924 Hotel Tashree,28.52953910827637,77.0870132446289,1,1,0,1,0,1,1,0,0,1,1,0,0,0,1,0,1,1,0,1,0,0,0,0,0,0,1,0,0,0,0,0,0,0,1,1,1,0,1,0,0,0,0,0,0,1,1,12,4.5,1512.0,52.32,4.73
Colonel's Retreat,28.56865882873535,77.23319244384766,1,1,0,1,0,1,0,0,0,1,1,0,0,0,1,1,0,1,1,1,0,0,0,0,0,0,1,0,1,1,0,0,0,0,0,0,0,0,1,0,0,1,0,0,1,0,0,928,4.5,1997.91,521.3700000000002,9.38
Radisson Blu Plaza Delhi Airport,28.54374122619629,77.11980438232422,1,1,0,1,1,1,1,1,1,1,1,1,1,0,1,1,1,1,1,1,1,1,1,1,1,1,1,1,1,0,1,1,1,0,1,0,1,1,1,1,0,1,0,1,1,1,1,"7,084",4.5,5564.16,140.32999999999998,9.5
Colonels Retreat 2,28.57390022277832,77.23593139648438,1,1,0,1,0,1,1,0,0,0,1,0,0,0,1,1,1,1,0,0,0,0,0,0,0,0,1,0,1,0,0,0,0,0,0,0,0,0,1,0,0,1,0,0,1,0,0,17,5.0,2349.0,545.6000000000004,5.33
The Neem,28.54974365234375,77.23268127441406,1,1,1,1,0,1,0,0,1,1,1,0,0,0,1,0,1,1,1,1,0,0,0,0,0,0,1,1,1,0,0,0,1,0,0,1,0,1,1,1,0,0,0,0,1,0,1,63,4.5,3920.0,417.46999999999997,5.61
Capital O 41924 Hotel Tashree,28.52953910827637,77.0870132446289,1,1,0,1,0,1,1,0,0,1,1,0,0,0,1,0,1,1,0,1,0,0,0,0,0,0,1,0,0,0,0,0,0,0,1,1,1,0,1,0,0,0,0,0,0,1,1,12,4.5,1512.0,52.32,4.73
Colonel's Retreat,28.56865882873535,77.23319244384766,1,1,0,1,0,1,0,0,0,1,1,0,0,0,1,1,0,1,1,1,0,0,0,0,0,0,1,0,1,1,0,0,0,0,0,0,0,0,1,0,0,1,0,0,1,0,0,928,4.5,1997.91,521.3700000000002,9.38
Radisson Blu Plaza Delhi Airport,28.54374122619629,77.11980438232422,1,1,0,1,1,1,1,1,1,1,1,1,1,0,1,1,1,1,1,1,1,1,1,1,1,1,1,1,1,0,1,1,1,0,1,0,1,1,1,1,0,1,0,1,1,1,1,"7,084",4.5,5564.16,140.32999999999998,9.5
Radisson Blu Plaza Delhi Airport,28.54374122619629,77.11980438232422,1,1,0,1,1,1,1,1,1,1,1,1,1,0,1,1,1,1,1,1,1,1,1,1,1,1,1,1,1,0,1,1,1,0,1,0,1,1,1,1,0,1,0,1,1,1,1,"7,084",4.5,5564.16,140.32999999999998,9.5
Colonel's Retreat,28.56865882873535,77.23319244384766,1,1,0,1,0,1,0,0,0,1,1,0,0,0,1,1,0,1,1,1,0,0,0,0,0,0,1,0,1,1,0,0,0,0,0,0,0,0,1,0,0,1,0,0,1,0,0,928,4.5,1997.91,521.3700000000002,9.38
Colonels Retreat 2,28.57390022277832,77.23593139648438,1,1,0,1,0,1,1,0,0,0,1,0,0,0,1,1,1,1,0,0,0,0,0,0,0,0,1,0,1,0,0,0,0,0,0,0,0,0,1,0,0,1,0,0,1,0,0,17,5.0,2349.0,545.6000000000004,5.33
The Neem,28.54974365234375,77.23268127441406,1,1,1,1,0,1,0,0,1,1,1,0,0,0,1,0,1,1,1,1,0,0,0,0,0,0,1,1,1,0,0,0,1,0,0,1,0,1,1,1,0,0,0,0,1,0,1,63,4.5,3920.0,417.46999999999997,5.61
Capital O 41924 Hotel Tashree,28.52953910827637,77.0870132446289,1,1,0,1,0,1,1,0,0,1,1,0,0,0,1,0,1,1,0,1,0,0,0,0,0,0,1,0,0,0,0,0,0,0,1,1,1,0,1,0,0,0,0,0,0,1,1,12,4.5,1512.0,52.32,4.73
Colonel's Retreat,28.56865882873535,77.23319244384766,1,1,0,1,0,1,0,0,0,1,1,0,0,0,1,1,0,1,1,1,0,0,0,0,0,0,1,0,1,1,0,0,0,0,0,0,0,0,1,0,0,1,0,0,1,0,0,928,4.5,1997.91,521.3700000000002,9.38
Radisson Blu Plaza Delhi Airport,28.54374122619629,77.11980438232422,1,1,0,1,1,1,1,1,1,1,1,1,1,0,1,1,1,1,1,1,1,1,1,1,1,1,1,1,1,0,1,1,1,0,1,0,1,1,1,1,0,1,0,1,1,1,1,"7,084",4.5,5564.16,140.32999999999998,9.5
Capital O 41924 Hotel Tashree,28.52953910827637,77.0870132446289,1,1,0,1,0,1,1,0,0,1,1,0,0,0,1,0,1,1,0,1,0,0,0,0,0,0,1,0,0,0,0,0,0,0,1,1,1,0,1,0,0,0,0,0,0,1,1,12,4.5,1512.0,52.32,4.73
Hotel Grand Imperial,28.64580345153809,77.19219970703125,0,1,0,1,0,1,1,1,1,1,1,0,0,0,1,1,1,1,1,1,1,1,1,0,0,1,1,1,1,1,0,0,1,0,1,1,1,1,1,1,0,1,0,0,1,1,1,36,4.0,3507.74,486.47,4.67
